frame,time_sec,student_name,behavior,confidence,duration_sec
15,0.5,Haider,looking_board,0.817,0.5
15,0.5,Hashim,looking_board,0.646,0.5
15,0.5,Hassan,reading,0.624,0.5
15,0.5,Muneeb,looking_away,0.271,0.5
15,0.5,Yasir,mobile_use,0.256,0.5
16,0.53,Haider,looking_board,0.815,0.5
16,0.53,Hashim,looking_board,0.69,0.5
16,0.53,Hassan,reading,0.542,0.5
16,0.53,Hashim,looking_board,0.291,0.5
16,0.53,Muneeb,looking_away,0.269,0.5
16,0.53,Yasir,mobile_use,0.252,0.5
17,0.57,Haider,looking_board,0.811,0.6
17,0.57,Hassan,reading,0.448,0.6
17,0.57,Hashim,looking_board,0.344,0.6
17,0.57,Hashim,looking_board,0.297,0.6
17,0.57,Hassan,reading,0.259,0.6
18,0.6,Haider,looking_board,0.81,0.6
18,0.6,Hassan,reading,0.431,0.6
18,0.6,Hashim,looking_board,0.374,0.6
18,0.6,Hassan,reading,0.283,0.6
18,0.6,Muneeb,looking_away,0.276,0.6
19,0.63,Haider,looking_board,0.817,0.6
19,0.63,Hashim,looking_board,0.725,0.6
19,0.63,Hassan,reading,0.447,0.6
19,0.63,Hashim,looking_board,0.349,0.6
19,0.63,Yasir,mobile_use,0.277,0.6
20,0.67,Haider,looking_board,0.82,0.7
20,0.67,Hashim,looking_board,0.795,0.7
20,0.67,Hassan,reading,0.424,0.7
20,0.67,Hashim,looking_board,0.336,0.7
21,0.7,Haider,looking_board,0.851,0.7
21,0.7,Hassan,reading,0.45,0.7
21,0.7,Hashim,looking_board,0.375,0.7
21,0.7,Hashim,looking_board,0.36,0.7
22,0.73,Haider,looking_board,0.845,0.7
22,0.73,Hassan,reading,0.412,0.7
22,0.73,Hashim,looking_board,0.363,0.7
22,0.73,Hashim,looking_board,0.298,0.7
22,0.73,Hassan,looking_away,0.283,0.7
23,0.77,Haider,looking_board,0.851,0.8
23,0.77,Hassan,looking_away,0.409,0.8
23,0.77,Hashim,looking_board,0.279,0.8
23,0.77,Yasir,mobile_use,0.27,0.8
23,0.77,Muneeb,looking_away,0.268,0.8
24,0.8,Haider,looking_board,0.801,0.8
24,0.8,Hassan,looking_away,0.505,0.8
24,0.8,Hashim,looking_board,0.344,0.8
24,0.8,Muneeb,looking_away,0.34,0.8
24,0.8,Hassan,looking_away,0.329,0.8
24,0.8,Hashim,looking_board,0.269,0.8
24,0.8,Yasir,mobile_use,0.263,0.8
25,0.83,Haider,looking_board,0.795,0.8
25,0.83,Hassan,looking_away,0.547,0.8
25,0.83,Hashim,looking_board,0.427,0.8
25,0.83,Hassan,looking_away,0.373,0.8
25,0.83,Yasir,mobile_use,0.287,0.8
25,0.83,Muneeb,looking_away,0.281,0.8
25,0.83,Yasir,mobile_use,0.278,0.8
25,0.83,Hashim,looking_board,0.254,0.8
26,0.87,Haider,looking_board,0.764,0.9
26,0.87,Hassan,looking_away,0.47,0.9
26,0.87,Hassan,looking_away,0.465,0.9
26,0.87,Hashim,looking_board,0.434,0.9
26,0.87,Muneeb,looking_away,0.389,0.9
26,0.87,Yasir,mobile_use,0.33,0.9
26,0.87,Hashim,looking_board,0.273,0.9
27,0.9,Haider,looking_board,0.728,0.9
27,0.9,Hassan,looking_away,0.498,0.9
27,0.9,Hashim,looking_board,0.479,0.9
27,0.9,Hassan,looking_away,0.415,0.9
27,0.9,Yasir,mobile_use,0.391,0.9
27,0.9,Muneeb,looking_away,0.326,0.9
27,0.9,Yasir,mobile_use,0.254,0.9
28,0.93,Haider,looking_board,0.71,0.9
28,0.93,Hassan,looking_away,0.468,0.9
28,0.93,Hassan,looking_away,0.458,0.9
28,0.93,Hashim,looking_board,0.43,0.9
28,0.93,Yasir,mobile_use,0.373,0.9
28,0.93,Yasir,mobile_use,0.306,0.9
28,0.93,Muneeb,looking_away,0.254,0.9
29,0.97,Haider,looking_board,0.73,1.0
29,0.97,Hassan,looking_away,0.514,1.0
29,0.97,Hassan,looking_away,0.396,1.0
29,0.97,Yasir,mobile_use,0.392,1.0
29,0.97,Hashim,looking_board,0.386,1.0
30,1.0,Haider,looking_board,0.748,1.0
30,1.0,Hassan,looking_away,0.548,1.0
30,1.0,Yasir,mobile_use,0.435,1.0
30,1.0,Hashim,looking_board,0.362,1.0
30,1.0,Hassan,looking_away,0.36,1.0
30,1.0,Yasir,mobile_use,0.272,1.0
30,1.0,Hashim,looking_board,0.267,1.0
31,1.03,Haider,looking_board,0.78,1.0
31,1.03,Hassan,looking_away,0.506,1.0
31,1.03,Hashim,looking_board,0.37,1.0
31,1.03,Yasir,mobile_use,0.36,1.0
31,1.03,Hassan,looking_away,0.358,1.0
31,1.03,Asrar,writing,0.261,0.9
32,1.07,Haider,looking_board,0.786,1.1
32,1.07,Hassan,looking_away,0.556,1.1
32,1.07,Yasir,mobile_use,0.438,1.1
32,1.07,Hassan,looking_away,0.405,1.1
32,1.07,Hashim,looking_board,0.298,1.1
32,1.07,Asrar,writing,0.251,1.0
33,1.1,Haider,looking_board,0.792,1.1
33,1.1,Hassan,looking_away,0.613,1.1
33,1.1,Yasir,mobile_use,0.503,1.1
33,1.1,Hassan,looking_away,0.42,1.1
33,1.1,Hashim,looking_board,0.403,1.1
33,1.1,Yasir,mobile_use,0.312,1.1
33,1.1,Asrar,writing,0.307,1.0
34,1.13,Haider,looking_board,0.783,1.1
34,1.13,Hashim,looking_board,0.66,1.1
34,1.13,Hassan,looking_away,0.637,1.1
34,1.13,Yasir,mobile_use,0.499,1.1
34,1.13,Hassan,looking_away,0.498,1.1
34,1.13,Asrar,writing,0.355,1.0
34,1.13,Yasir,mobile_use,0.346,1.1
34,1.13,Hashim,looking_board,0.262,1.1
35,1.17,Haider,looking_board,0.763,1.2
35,1.17,Hashim,looking_board,0.756,1.2
35,1.17,Hassan,looking_away,0.638,1.2
35,1.17,Yasir,mobile_use,0.505,1.2
35,1.17,Hassan,looking_away,0.401,1.2
35,1.17,Asrar,writing,0.372,1.1
35,1.17,Yasir,mobile_use,0.366,1.2
35,1.17,Hashim,looking_board,0.295,1.2
36,1.2,Hashim,looking_board,0.801,1.2
36,1.2,Haider,looking_board,0.658,1.2
36,1.2,Hassan,looking_away,0.626,1.2
36,1.2,Yasir,mobile_use,0.573,1.2
36,1.2,Yasir,mobile_use,0.38,1.2
36,1.2,Hassan,looking_away,0.345,1.2
36,1.2,Asrar,writing,0.303,1.1
36,1.2,Hashim,looking_board,0.276,1.2
37,1.23,Hashim,looking_board,0.786,1.2
37,1.23,Haider,looking_board,0.69,1.2
37,1.23,Hassan,looking_away,0.64,1.2
37,1.23,Yasir,mobile_use,0.523,1.2
37,1.23,Hassan,looking_away,0.356,1.2
37,1.23,Muneeb,looking_away,0.341,1.2
37,1.23,Asrar,writing,0.308,1.1
37,1.23,Hashim,looking_board,0.283,1.2
38,1.27,Hashim,looking_board,0.799,1.3
38,1.27,Haider,looking_board,0.655,1.3
38,1.27,Hassan,looking_away,0.617,1.3
38,1.27,Yasir,mobile_use,0.492,1.3
38,1.27,Hassan,looking_away,0.428,1.3
38,1.27,Muneeb,looking_away,0.419,1.3
38,1.27,Asrar,writing,0.311,1.2
38,1.27,Yasir,mobile_use,0.293,1.3
38,1.27,Hashim,looking_board,0.271,1.3
39,1.3,Hashim,looking_board,0.811,1.3
39,1.3,Hassan,looking_away,0.608,1.3
39,1.3,Haider,looking_board,0.577,1.3
39,1.3,Hassan,looking_away,0.493,1.3
39,1.3,Yasir,mobile_use,0.48,1.3
39,1.3,Muneeb,looking_away,0.425,1.3
39,1.3,Asrar,writing,0.331,1.2
39,1.3,Yasir,mobile_use,0.301,1.3
39,1.3,Hashim,looking_board,0.275,1.3
40,1.33,Hashim,looking_board,0.836,1.3
40,1.33,Hassan,looking_away,0.606,1.3
40,1.33,Yasir,mobile_use,0.524,1.3
40,1.33,Haider,looking_board,0.516,1.3
40,1.33,Hassan,looking_away,0.5,1.3
40,1.33,Muneeb,looking_away,0.47,1.3
40,1.33,Hashim,looking_board,0.356,1.3
40,1.33,Asrar,writing,0.351,1.2
40,1.33,Yasir,mobile_use,0.289,1.3
41,1.37,Hashim,looking_board,0.826,1.4
41,1.37,Yasir,mobile_use,0.567,1.4
41,1.37,Haider,looking_board,0.561,1.4
41,1.37,Hassan,looking_away,0.561,1.4
41,1.37,Hassan,looking_away,0.497,1.4
41,1.37,Muneeb,looking_away,0.489,1.4
41,1.37,Hashim,looking_board,0.41,1.4
41,1.37,Asrar,writing,0.354,1.3
41,1.37,Yasir,mobile_use,0.302,1.4
42,1.4,Hashim,looking_board,0.841,1.4
42,1.4,Yasir,mobile_use,0.601,1.4
42,1.4,Hassan,looking_away,0.563,1.4
42,1.4,Muneeb,looking_away,0.525,1.4
42,1.4,Hassan,looking_away,0.505,1.4
42,1.4,Haider,looking_board,0.464,1.4
42,1.4,Hashim,looking_board,0.427,1.4
42,1.4,Asrar,writing,0.319,1.3
42,1.4,Yasir,mobile_use,0.282,1.4
43,1.43,Hashim,looking_board,0.824,1.4
43,1.43,Yasir,mobile_use,0.584,1.4
43,1.43,Hassan,looking_away,0.565,1.4
43,1.43,Muneeb,looking_away,0.496,1.4
43,1.43,Hassan,looking_away,0.464,1.4
43,1.43,Hashim,looking_board,0.439,1.4
43,1.43,Haider,looking_board,0.434,1.4
43,1.43,Asrar,writing,0.288,1.3
43,1.43,Yasir,mobile_use,0.267,1.4
44,1.47,Hashim,looking_board,0.772,1.5
44,1.47,Hassan,looking_away,0.63,1.5
44,1.47,Yasir,mobile_use,0.624,1.5
44,1.47,Muneeb,looking_away,0.48,1.5
44,1.47,Hassan,looking_away,0.463,1.5
44,1.47,Haider,looking_board,0.406,1.5
44,1.47,Hashim,looking_board,0.357,1.5
44,1.47,Asrar,writing,0.315,1.4
45,1.5,Hashim,looking_board,0.736,1.5
45,1.5,Yasir,mobile_use,0.605,1.5
45,1.5,Hassan,looking_away,0.595,1.5
45,1.5,Muneeb,looking_away,0.478,1.5
45,1.5,Hassan,looking_away,0.46,1.5
45,1.5,Asrar,writing,0.341,1.4
45,1.5,Haider,looking_board,0.322,1.5
45,1.5,Hashim,looking_board,0.319,1.5
46,1.53,Hashim,looking_board,0.746,1.5
46,1.53,Hassan,looking_away,0.676,1.5
46,1.53,Yasir,mobile_use,0.557,1.5
46,1.53,Muneeb,looking_away,0.448,1.5
46,1.53,Hassan,looking_away,0.391,1.5
46,1.53,Asrar,writing,0.357,1.4
46,1.53,Haider,looking_board,0.345,1.5
46,1.53,Hashim,looking_board,0.283,1.5
47,1.57,Hashim,looking_board,0.738,1.6
47,1.57,Hassan,looking_away,0.692,1.6
47,1.57,Yasir,mobile_use,0.589,1.6
47,1.57,Muneeb,looking_away,0.471,1.6
47,1.57,Haider,looking_board,0.467,1.6
47,1.57,Hassan,looking_away,0.401,1.6
47,1.57,Asrar,writing,0.346,1.5
48,1.6,Hashim,looking_board,0.753,1.6
48,1.6,Hassan,looking_away,0.667,1.6
48,1.6,Yasir,mobile_use,0.642,1.6
48,1.6,Haider,looking_board,0.466,1.6
48,1.6,Muneeb,looking_away,0.445,1.6
48,1.6,Hassan,looking_away,0.391,1.6
48,1.6,Asrar,writing,0.349,1.5
49,1.63,Hashim,looking_board,0.792,1.6
49,1.63,Hassan,looking_away,0.68,1.6
49,1.63,Yasir,mobile_use,0.555,1.6
49,1.63,Haider,looking_board,0.495,1.6
49,1.63,Muneeb,looking_away,0.477,1.6
49,1.63,Asrar,writing,0.385,1.5
49,1.63,Hassan,looking_away,0.349,1.6
50,1.67,Hashim,looking_board,0.775,1.7
50,1.67,Hassan,looking_away,0.701,1.7
50,1.67,Hashim,looking_board,0.641,1.7
50,1.67,Yasir,mobile_use,0.522,1.7
50,1.67,Muneeb,looking_away,0.506,1.7
50,1.67,Haider,looking_board,0.447,1.7
50,1.67,Asrar,writing,0.4,1.6
50,1.67,Hassan,looking_away,0.365,1.7
50,1.67,Yasir,mobile_use,0.316,1.7
51,1.7,Hashim,looking_board,0.73,1.7
51,1.7,Hashim,looking_board,0.675,1.7
51,1.7,Hassan,looking_away,0.648,1.7
51,1.7,Muneeb,looking_away,0.569,1.7
51,1.7,Haider,looking_board,0.526,1.7
51,1.7,Yasir,mobile_use,0.511,1.7
51,1.7,Yasir,mobile_use,0.37,1.7
51,1.7,Hassan,looking_away,0.368,1.7
51,1.7,Asrar,writing,0.334,1.6
52,1.73,Hashim,looking_board,0.74,1.7
52,1.73,Hashim,looking_board,0.723,1.7
52,1.73,Hassan,looking_away,0.716,1.7
52,1.73,Haider,looking_board,0.64,1.7
52,1.73,Muneeb,looking_away,0.512,1.7
52,1.73,Yasir,mobile_use,0.438,1.7
52,1.73,Yasir,mobile_use,0.354,1.7
52,1.73,Hassan,looking_away,0.339,1.7
52,1.73,Asrar,writing,0.326,1.6
53,1.77,Hassan,looking_away,0.708,1.8
53,1.77,Hashim,looking_board,0.704,1.8
53,1.77,Haider,looking_board,0.627,1.8
53,1.77,Hashim,looking_board,0.618,1.8
53,1.77,Muneeb,looking_away,0.506,1.8
53,1.77,Hassan,looking_away,0.392,1.8
53,1.77,Yasir,mobile_use,0.378,1.8
53,1.77,Yasir,mobile_use,0.365,1.8
53,1.77,Asrar,writing,0.253,1.7
54,1.8,Hassan,looking_away,0.749,1.8
54,1.8,Hashim,looking_board,0.675,1.8
54,1.8,Haider,looking_board,0.604,1.8
54,1.8,Hashim,mobile_use,0.553,1.7
54,1.8,Muneeb,looking_away,0.476,1.8
54,1.8,Yasir,mobile_use,0.43,1.8
54,1.8,Hassan,looking_away,0.365,1.8
54,1.8,Yasir,mobile_use,0.315,1.8
54,1.8,Asrar,writing,0.277,1.7
55,1.83,Hassan,looking_away,0.734,1.8
55,1.83,Haider,looking_board,0.659,1.8
55,1.83,Hashim,mobile_use,0.602,1.7
55,1.83,Hashim,mobile_use,0.541,1.7
55,1.83,Muneeb,looking_away,0.497,1.8
55,1.83,Hassan,looking_away,0.383,1.8
55,1.83,Yasir,mobile_use,0.364,1.8
55,1.83,Asrar,writing,0.284,1.7
56,1.87,Hassan,looking_away,0.745,1.9
56,1.87,Hashim,mobile_use,0.653,1.7
56,1.87,Haider,looking_board,0.617,1.9
56,1.87,Muneeb,looking_away,0.441,1.9
56,1.87,Yasir,mobile_use,0.432,1.9
56,1.87,Hassan,looking_away,0.351,1.9
56,1.87,Asrar,writing,0.325,1.8
57,1.9,Hassan,looking_away,0.759,1.9
57,1.9,Hashim,mobile_use,0.683,1.8
57,1.9,Muneeb,looking_away,0.565,1.9
57,1.9,Yasir,mobile_use,0.552,1.9
57,1.9,Haider,looking_board,0.512,1.9
57,1.9,Hassan,looking_away,0.344,1.9
57,1.9,Asrar,writing,0.323,1.8
58,1.93,Hassan,looking_away,0.744,1.9
58,1.93,Hashim,mobile_use,0.636,1.8
58,1.93,Yasir,mobile_use,0.503,1.9
58,1.93,Hashim,mobile_use,0.441,1.8
58,1.93,Hassan,looking_away,0.343,1.9
58,1.93,Haider,looking_board,0.334,1.9
58,1.93,Muneeb,looking_away,0.315,1.9
58,1.93,Asrar,writing,0.277,1.8
59,1.97,Hassan,looking_away,0.819,2.0
59,1.97,Hashim,mobile_use,0.682,1.8
59,1.97,Muneeb,looking_away,0.584,2.0
59,1.97,Yasir,mobile_use,0.532,2.0
59,1.97,Hashim,mobile_use,0.485,1.8
59,1.97,Hassan,looking_away,0.311,2.0
59,1.97,Asrar,writing,0.302,1.9
59,1.97,Haider,looking_board,0.271,2.0
60,2.0,Hassan,looking_away,0.861,2.0
60,2.0,Hashim,mobile_use,0.722,1.9
60,2.0,Yasir,mobile_use,0.631,2.0
60,2.0,Muneeb,looking_away,0.575,2.0
60,2.0,Asrar,writing,0.424,1.9
60,2.0,Hashim,mobile_use,0.374,1.9
60,2.0,Hassan,looking_away,0.268,2.0
60,2.0,Haider,looking_board,0.259,2.0
61,2.03,Hassan,looking_away,0.883,2.0
61,2.03,Hashim,mobile_use,0.804,1.9
61,2.03,Hashim,mobile_use,0.714,1.9
61,2.03,Yasir,mobile_use,0.639,2.0
61,2.03,Muneeb,looking_away,0.56,2.0
61,2.03,Asrar,writing,0.389,1.9
62,2.07,Hassan,reading,0.884,2.0
62,2.07,Hashim,mobile_use,0.732,1.9
62,2.07,Yasir,mobile_use,0.669,2.0
62,2.07,Muneeb,looking_away,0.588,2.0
62,2.07,Yasir,mobile_use,0.435,2.0
62,2.07,Asrar,writing,0.385,2.0
62,2.07,Hassan,reading,0.317,2.0
63,2.1,Hassan,reading,0.902,2.0
63,2.1,Hashim,mobile_use,0.779,2.0
63,2.1,Yasir,mobile_use,0.713,2.0
63,2.1,Yasir,mobile_use,0.392,2.0
63,2.1,Muneeb,looking_away,0.379,2.0
63,2.1,Asrar,writing,0.32,2.0
63,2.1,Hassan,reading,0.272,2.0
64,2.13,Hassan,reading,0.909,2.0
64,2.13,Hashim,mobile_use,0.781,2.0
64,2.13,Yasir,mobile_use,0.689,2.0
64,2.13,Hashim,mobile_use,0.44,2.0
64,2.13,Yasir,mobile_use,0.347,2.0
64,2.13,Muneeb,looking_away,0.317,2.0
64,2.13,Asrar,writing,0.288,2.0
65,2.17,Hassan,reading,0.927,2.0
65,2.17,Yasir,mobile_use,0.794,2.0
65,2.17,Hashim,mobile_use,0.77,2.0
65,2.17,Hashim,mobile_use,0.668,2.0
65,2.17,Muneeb,looking_away,0.425,2.0
65,2.17,Yasir,mobile_use,0.414,2.0
65,2.17,Asrar,writing,0.302,2.0
66,2.2,Hassan,reading,0.888,2.0
66,2.2,Hashim,reading,0.774,1.1
66,2.2,Yasir,mobile_use,0.742,2.0
66,2.2,Muneeb,looking_away,0.426,2.0
66,2.2,Yasir,mobile_use,0.373,2.0
66,2.2,Asrar,writing,0.272,2.0
66,2.2,Haider,looking_board,0.271,2.0
66,2.2,Hassan,reading,0.263,2.0
67,2.23,Hassan,reading,0.88,2.0
67,2.23,Yasir,mobile_use,0.796,2.0
67,2.23,Hashim,reading,0.775,1.1
67,2.23,Hashim,reading,0.664,1.1
67,2.23,Muneeb,looking_away,0.441,2.0
67,2.23,Yasir,mobile_use,0.397,2.0
67,2.23,Haider,looking_board,0.375,2.0
67,2.23,Asrar,writing,0.318,2.0
68,2.27,Hashim,reading,0.928,1.2
68,2.27,Hassan,reading,0.892,2.0
68,2.27,Yasir,mobile_use,0.818,2.0
68,2.27,Hashim,reading,0.804,1.2
68,2.27,Muneeb,looking_away,0.441,2.0
68,2.27,Yasir,mobile_use,0.399,2.0
68,2.27,Haider,looking_board,0.363,2.0
68,2.27,Asrar,writing,0.361,2.0
69,2.3,Hashim,reading,0.952,1.2
69,2.3,Hassan,reading,0.926,2.0
69,2.3,Yasir,mobile_use,0.896,2.0
69,2.3,Hashim,reading,0.82,1.2
69,2.3,Muneeb,looking_away,0.463,2.0
69,2.3,Asrar,writing,0.363,2.0
69,2.3,Haider,looking_board,0.306,2.0
70,2.33,Hassan,reading,0.934,2.0
70,2.33,Hashim,reading,0.907,1.2
70,2.33,Yasir,mobile_use,0.902,2.0
70,2.33,Hashim,reading,0.851,1.2
70,2.33,Muneeb,looking_away,0.511,2.0
70,2.33,Haider,looking_board,0.463,2.0
70,2.33,Unknown,looking_away,0.252,0.5
71,2.37,Yasir,mobile_use,0.911,1.5
71,2.37,Hashim,reading,0.897,1.3
71,2.37,Hassan,reading,0.892,2.0
71,2.37,Hashim,reading,0.83,1.3
71,2.37,Muneeb,looking_away,0.451,2.0
71,2.37,Haider,looking_board,0.39,2.0
71,2.37,Asrar,writing,0.254,2.0
72,2.4,Hashim,reading,0.926,1.3
72,2.4,Hassan,reading,0.87,2.0
72,2.4,Hashim,reading,0.811,1.3
72,2.4,Yasir,mobile_use,0.708,1.6
72,2.4,Haider,looking_board,0.422,2.0
72,2.4,Muneeb,looking_away,0.391,2.0
72,2.4,Hassan,reading,0.301,2.0
73,2.43,Hashim,reading,0.906,1.3
73,2.43,Hassan,reading,0.893,2.0
73,2.43,Hashim,reading,0.828,1.3
73,2.43,Yasir,mobile_use,0.78,1.6
73,2.43,Muneeb,looking_away,0.429,2.0
73,2.43,Haider,looking_board,0.394,2.0
73,2.43,Hassan,reading,0.314,2.0
74,2.47,Hassan,reading,0.899,2.0
74,2.47,Hashim,reading,0.829,1.4
74,2.47,Yasir,mobile_use,0.786,1.6
74,2.47,Hashim,reading,0.724,1.4
74,2.47,Haider,looking_board,0.419,2.0
74,2.47,Muneeb,looking_away,0.41,2.0
74,2.47,Hassan,reading,0.291,2.0
75,2.5,Hashim,reading,0.924,1.4
75,2.5,Hassan,reading,0.886,2.0
75,2.5,Hashim,reading,0.819,1.4
75,2.5,Yasir,mobile_use,0.795,1.7
75,2.5,Muneeb,looking_away,0.466,2.0
75,2.5,Haider,looking_board,0.366,2.0
75,2.5,Hassan,reading,0.26,2.0
76,2.53,Hashim,reading,0.947,1.4
76,2.53,Hassan,reading,0.873,2.0
76,2.53,Yasir,mobile_use,0.81,1.7
76,2.53,Hashim,reading,0.778,1.4
76,2.53,Muneeb,looking_away,0.419,2.0
76,2.53,Haider,looking_board,0.288,2.0
76,2.53,Hassan,reading,0.26,2.0
77,2.57,Hashim,reading,0.958,1.5
77,2.57,Hassan,reading,0.885,2.0
77,2.57,Yasir,mobile_use,0.816,1.7
77,2.57,Hashim,reading,0.52,1.5
77,2.57,Muneeb,looking_away,0.341,2.0
77,2.57,Hassan,reading,0.299,2.0
77,2.57,Haider,looking_board,0.27,2.0
78,2.6,Hashim,reading,0.963,1.5
78,2.6,Hassan,reading,0.858,1.8
78,2.6,Yasir,mobile_use,0.79,1.8
78,2.6,Hashim,reading,0.78,1.5
78,2.6,Muneeb,looking_away,0.337,1.4
78,2.6,Hassan,reading,0.307,1.8
78,2.6,Haider,looking_board,0.262,2.0
79,2.63,Hashim,reading,0.968,1.5
79,2.63,Hassan,reading,0.862,1.8
79,2.63,Yasir,mobile_use,0.808,1.8
79,2.63,Hashim,reading,0.767,1.5
79,2.63,Haider,looking_board,0.526,2.0
79,2.63,Hassan,reading,0.357,1.8
79,2.63,Muneeb,looking_away,0.344,1.4
80,2.67,Hashim,reading,0.968,1.6
80,2.67,Hassan,reading,0.885,1.9
80,2.67,Yasir,mobile_use,0.821,1.8
80,2.67,Hashim,reading,0.757,1.6
80,2.67,Haider,looking_board,0.749,2.0
80,2.67,Hassan,reading,0.425,1.9
80,2.67,Muneeb,looking_away,0.303,1.4
81,2.7,Hashim,reading,0.962,1.6
81,2.7,Haider,looking_board,0.877,2.0
81,2.7,Hassan,reading,0.875,1.9
81,2.7,Yasir,mobile_use,0.817,1.9
81,2.7,Hashim,reading,0.761,1.6
81,2.7,Hassan,reading,0.397,1.9
81,2.7,Muneeb,looking_away,0.315,1.5
82,2.73,Hashim,reading,0.965,1.6
82,2.73,Haider,looking_board,0.955,2.0
82,2.73,Hassan,reading,0.875,1.9
82,2.73,Yasir,mobile_use,0.864,1.9
82,2.73,Hashim,reading,0.726,1.6
82,2.73,Hassan,reading,0.452,1.9
82,2.73,Muneeb,looking_away,0.32,1.5
83,2.77,Hashim,reading,0.967,1.7
83,2.77,Haider,looking_board,0.958,2.0
83,2.77,Yasir,mobile_use,0.886,1.9
83,2.77,Hassan,reading,0.872,2.0
83,2.77,Hashim,reading,0.74,1.7
83,2.77,Hassan,reading,0.491,2.0
83,2.77,Muneeb,looking_away,0.309,1.5
84,2.8,Haider,looking_board,0.981,2.0
84,2.8,Hashim,reading,0.963,1.7
84,2.8,Yasir,mobile_use,0.897,2.0
84,2.8,Hassan,reading,0.859,2.0
84,2.8,Hashim,reading,0.723,1.7
84,2.8,Hassan,reading,0.397,2.0
84,2.8,Muneeb,looking_away,0.311,1.6
84,2.8,Muneeb,looking_away,0.309,1.6
85,2.83,Haider,looking_board,0.97,2.0
85,2.83,Hashim,reading,0.963,1.7
85,2.83,Yasir,mobile_use,0.958,2.0
85,2.83,Hassan,reading,0.868,1.9
85,2.83,Hashim,reading,0.718,1.7
85,2.83,Hassan,reading,0.343,1.9
85,2.83,Muneeb,looking_away,0.303,1.6
86,2.87,Haider,looking_board,0.972,2.0
86,2.87,Hashim,reading,0.965,1.8
86,2.87,Hassan,reading,0.854,1.9
86,2.87,Hashim,reading,0.701,1.8
86,2.87,Yasir,mobile_use,0.545,2.0
86,2.87,Muneeb,looking_away,0.315,1.6
86,2.87,Hassan,reading,0.313,1.9
87,2.9,Haider,looking_board,0.963,2.0
87,2.9,Yasir,mobile_use,0.954,2.0
87,2.9,Hashim,reading,0.952,1.8
87,2.9,Hassan,reading,0.833,1.9
87,2.9,Hashim,reading,0.729,1.8
87,2.9,Hassan,reading,0.344,1.9
87,2.9,Muneeb,looking_away,0.324,1.7
88,2.93,Haider,looking_board,0.967,2.0
88,2.93,Hashim,reading,0.953,1.8
88,2.93,Hassan,reading,0.82,2.0
88,2.93,Hashim,reading,0.733,1.8
88,2.93,Yasir,mobile_use,0.505,2.0
88,2.93,Hassan,reading,0.375,2.0
88,2.93,Muneeb,looking_away,0.348,1.7
89,2.97,Haider,looking_board,0.967,2.0
89,2.97,Yasir,looking_away,0.963,2.0
89,2.97,Hashim,reading,0.955,1.9
89,2.97,Hassan,reading,0.827,1.9
89,2.97,Hashim,reading,0.731,1.9
89,2.97,Hassan,reading,0.363,1.9
89,2.97,Muneeb,looking_away,0.34,1.7
90,3.0,Yasir,looking_away,0.956,2.0
90,3.0,Haider,looking_board,0.955,2.0
90,3.0,Hashim,reading,0.941,1.9
90,3.0,Hassan,reading,0.795,2.0
90,3.0,Hashim,reading,0.737,1.9
90,3.0,Muneeb,looking_away,0.382,1.8
90,3.0,Hassan,reading,0.328,2.0
91,3.03,Yasir,looking_away,0.958,1.4
91,3.03,Haider,looking_board,0.953,2.0
91,3.03,Hashim,reading,0.95,1.9
91,3.03,Hassan,reading,0.817,2.0
91,3.03,Hashim,reading,0.747,1.9
91,3.03,Muneeb,looking_away,0.398,1.8
91,3.03,Hassan,reading,0.352,2.0
92,3.07,Haider,looking_board,0.95,2.0
92,3.07,Yasir,looking_away,0.949,1.4
92,3.07,Hashim,reading,0.947,2.0
92,3.07,Hassan,reading,0.778,2.0
92,3.07,Hashim,reading,0.756,2.0
92,3.07,Muneeb,looking_away,0.459,1.8
92,3.07,Hassan,reading,0.399,2.0
93,3.1,Yasir,looking_away,0.956,1.4
93,3.1,Hashim,reading,0.954,2.0
93,3.1,Haider,looking_board,0.949,2.0
93,3.1,Hashim,reading,0.762,2.0
93,3.1,Hassan,reading,0.757,2.0
93,3.1,Muneeb,looking_away,0.457,1.9
93,3.1,Hassan,reading,0.388,2.0
94,3.13,Yasir,looking_away,0.956,1.5
94,3.13,Hashim,reading,0.955,2.0
94,3.13,Haider,looking_board,0.936,2.0
94,3.13,Hassan,reading,0.733,2.0
94,3.13,Hashim,reading,0.725,2.0
94,3.13,Muneeb,looking_away,0.468,1.9
94,3.13,Hassan,reading,0.362,2.0
95,3.17,Yasir,looking_away,0.957,1.5
95,3.17,Hashim,reading,0.932,2.0
95,3.17,Haider,looking_board,0.861,2.0
95,3.17,Hashim,reading,0.705,2.0
95,3.17,Hassan,reading,0.705,1.9
95,3.17,Muneeb,looking_away,0.434,1.9
95,3.17,Hassan,reading,0.352,1.9
96,3.2,Yasir,looking_away,0.955,1.5
96,3.2,Hashim,reading,0.93,2.0
96,3.2,Haider,looking_board,0.844,2.0
96,3.2,Hassan,reading,0.734,2.0
96,3.2,Hashim,reading,0.717,2.0
96,3.2,Muneeb,looking_away,0.418,2.0
96,3.2,Hassan,reading,0.357,2.0
97,3.23,Yasir,looking_away,0.954,1.6
97,3.23,Hashim,reading,0.931,2.0
97,3.23,Haider,looking_board,0.856,2.0
97,3.23,Hassan,reading,0.747,2.0
97,3.23,Hashim,reading,0.702,2.0
97,3.23,Hassan,reading,0.375,2.0
97,3.23,Muneeb,looking_away,0.345,2.0
98,3.27,Yasir,looking_away,0.955,1.6
98,3.27,Hashim,reading,0.912,2.0
98,3.27,Haider,looking_board,0.858,2.0
98,3.27,Hassan,reading,0.744,2.0
98,3.27,Hashim,reading,0.696,2.0
98,3.27,Hassan,reading,0.391,2.0
98,3.27,Muneeb,looking_away,0.313,2.0
99,3.3,Yasir,looking_away,0.95,1.6
99,3.3,Hashim,reading,0.904,2.0
99,3.3,Haider,sleeping,0.823,0.7
99,3.3,Hassan,reading,0.722,2.0
99,3.3,Hashim,reading,0.712,2.0
99,3.3,Muneeb,looking_away,0.37,2.0
99,3.3,Hassan,reading,0.355,2.0
100,3.33,Yasir,looking_away,0.949,1.7
100,3.33,Hashim,reading,0.897,2.0
100,3.33,Haider,sleeping,0.821,0.7
100,3.33,Hashim,reading,0.715,2.0
100,3.33,Hassan,reading,0.69,2.0
100,3.33,Unknown,looking_away,0.459,0.5
100,3.33,Hassan,reading,0.364,2.0
100,3.33,Muneeb,looking_away,0.301,2.0
101,3.37,Yasir,looking_away,0.947,1.7
101,3.37,Hashim,reading,0.893,2.0
101,3.37,Haider,sleeping,0.815,0.8
101,3.37,Hashim,reading,0.693,2.0
101,3.37,Hassan,reading,0.676,2.0
101,3.37,Unknown,looking_away,0.397,0.5
101,3.37,Muneeb,looking_away,0.355,2.0
101,3.37,Hassan,reading,0.347,2.0
102,3.4,Yasir,looking_away,0.946,1.7
102,3.4,Hashim,reading,0.889,2.0
102,3.4,Haider,sleeping,0.804,0.8
102,3.4,Hashim,reading,0.728,2.0
102,3.4,Hassan,reading,0.659,2.0
102,3.4,Hassan,reading,0.397,2.0
102,3.4,Unknown,looking_away,0.362,0.6
102,3.4,Muneeb,looking_away,0.361,2.0
103,3.43,Yasir,looking_away,0.936,1.8
103,3.43,Hashim,reading,0.895,2.0
103,3.43,Haider,sleeping,0.776,0.8
103,3.43,Hashim,reading,0.759,2.0
103,3.43,Hassan,reading,0.639,2.0
103,3.43,Unknown,looking_away,0.366,0.6
103,3.43,Hassan,reading,0.353,2.0
104,3.47,Yasir,looking_away,0.934,1.8
104,3.47,Hashim,reading,0.882,2.0
104,3.47,Haider,sleeping,0.77,0.9
104,3.47,Hashim,reading,0.763,2.0
104,3.47,Hassan,reading,0.684,2.0
104,3.47,Hassan,reading,0.383,2.0
104,3.47,Unknown,looking_away,0.369,0.6
105,3.5,Yasir,looking_away,0.933,1.8
105,3.5,Hashim,reading,0.885,2.0
105,3.5,Hashim,reading,0.763,2.0
105,3.5,Muneeb,looking_away,0.489,2.0
105,3.5,Hassan,reading,0.376,2.0
106,3.53,Yasir,looking_away,0.921,1.9
106,3.53,Hashim,reading,0.903,2.0
106,3.53,Hashim,reading,0.767,2.0
106,3.53,Muneeb,looking_away,0.516,2.0
106,3.53,Hassan,reading,0.408,2.0
107,3.57,Yasir,looking_away,0.92,1.9
107,3.57,Hashim,reading,0.89,2.0
107,3.57,Hashim,reading,0.806,2.0
107,3.57,Hassan,reading,0.423,2.0
107,3.57,Muneeb,looking_away,0.391,2.0
108,3.6,Yasir,looking_away,0.914,1.9
108,3.6,Hashim,reading,0.901,2.0
108,3.6,Hashim,reading,0.803,2.0
108,3.6,Hassan,reading,0.384,2.0
109,3.63,Yasir,looking_away,0.93,2.0
109,3.63,Hashim,reading,0.909,2.0
109,3.63,Hashim,reading,0.805,2.0
109,3.63,Muneeb,looking_away,0.52,2.0
109,3.63,Hassan,reading,0.344,2.0
110,3.67,Hashim,reading,0.91,2.0
110,3.67,Yasir,looking_away,0.891,2.0
110,3.67,Muneeb,looking_away,0.581,2.0
110,3.67,Hassan,reading,0.366,2.0
110,3.67,Yasir,looking_away,0.319,2.0
111,3.7,Hashim,reading,0.916,2.0
111,3.7,Yasir,looking_away,0.911,2.0
111,3.7,Muneeb,looking_away,0.605,2.0
111,3.7,Hassan,reading,0.327,2.0
111,3.7,Yasir,looking_away,0.316,2.0
112,3.73,Hashim,reading,0.913,2.0
112,3.73,Yasir,looking_away,0.893,2.0
112,3.73,Muneeb,looking_away,0.683,2.0
112,3.73,Hassan,reading,0.359,2.0
112,3.73,Yasir,looking_away,0.352,2.0
113,3.77,Hashim,reading,0.922,2.0
113,3.77,Yasir,looking_away,0.877,2.0
113,3.77,Muneeb,looking_away,0.691,2.0
113,3.77,Yasir,looking_away,0.38,2.0
113,3.77,Hassan,reading,0.344,2.0
114,3.8,Hashim,reading,0.938,2.0
114,3.8,Yasir,looking_away,0.834,2.0
114,3.8,Muneeb,looking_away,0.711,2.0
114,3.8,Hassan,reading,0.416,2.0
114,3.8,Yasir,looking_away,0.411,2.0
115,3.83,Yasir,looking_away,0.81,1.9
115,3.83,Muneeb,looking_away,0.598,2.0
115,3.83,Hassan,reading,0.468,2.0
116,3.87,Yasir,looking_away,0.765,1.9
116,3.87,Muneeb,looking_away,0.614,2.0
116,3.87,Hassan,reading,0.523,2.0
116,3.87,Yasir,looking_away,0.287,1.9
117,3.9,Yasir,looking_away,0.713,1.9
117,3.9,Muneeb,looking_away,0.476,2.0
117,3.9,Hassan,reading,0.354,2.0
117,3.9,Yasir,looking_away,0.311,1.9
118,3.93,Yasir,looking_away,0.654,2.0
118,3.93,Hassan,reading,0.33,2.0
118,3.93,Yasir,looking_away,0.298,2.0
119,3.97,Muneeb,looking_away,0.584,2.0
119,3.97,Yasir,looking_away,0.547,2.0
119,3.97,Hassan,reading,0.405,2.0
120,4.0,Haris,reading,0.849,0.5
120,4.0,Muneeb,looking_away,0.836,2.0
120,4.0,Unknown,sleeping,0.603,0.5
120,4.0,Yasir,looking_away,0.469,2.0
120,4.0,Hassan,reading,0.451,2.0
120,4.0,Yasir,looking_away,0.274,2.0
121,4.03,Haris,reading,0.828,0.5
121,4.03,Muneeb,looking_away,0.769,2.0
121,4.03,Unknown,sleeping,0.646,0.5
121,4.03,Yasir,looking_away,0.459,2.0
121,4.03,Yasir,looking_away,0.353,2.0
121,4.03,Hassan,reading,0.346,2.0
122,4.07,Haris,reading,0.834,0.6
122,4.07,Muneeb,looking_away,0.76,2.0
122,4.07,Unknown,sleeping,0.564,0.6
122,4.07,Yasir,looking_away,0.472,2.0
122,4.07,Yasir,looking_away,0.389,2.0
122,4.07,Hassan,reading,0.376,2.0
123,4.1,Haris,reading,0.836,0.6
123,4.1,Muneeb,looking_away,0.729,2.0
123,4.1,Unknown,sleeping,0.55,0.6
123,4.1,Yasir,looking_away,0.455,2.0
123,4.1,Yasir,looking_away,0.406,2.0
123,4.1,Hassan,reading,0.395,2.0
124,4.13,Haris,reading,0.86,0.6
124,4.13,Muneeb,looking_away,0.679,1.5
124,4.13,Yasir,looking_away,0.46,2.0
124,4.13,Yasir,looking_away,0.427,2.0
124,4.13,Unknown,sleeping,0.423,0.6
124,4.13,Hassan,reading,0.286,2.0
125,4.17,Haris,reading,0.839,0.7
125,4.17,Rizwan,reading,0.806,0.5
125,4.17,Yasir,looking_away,0.48,2.0
125,4.17,Yasir,looking_away,0.435,2.0
125,4.17,Unknown,sleeping,0.279,0.7
125,4.17,Hassan,reading,0.254,2.0
126,4.2,Haris,reading,0.801,0.7
126,4.2,Rizwan,reading,0.77,0.5
126,4.2,Yasir,looking_away,0.513,2.0
126,4.2,Unknown,sleeping,0.511,0.7
126,4.2,Hassan,reading,0.453,2.0
126,4.2,Yasir,looking_away,0.433,2.0
127,4.23,Rizwan,reading,0.806,0.6
127,4.23,Haris,reading,0.741,0.7
127,4.23,Unknown,sleeping,0.628,0.7
127,4.23,Yasir,looking_away,0.563,2.0
127,4.23,Hassan,reading,0.425,2.0
127,4.23,Yasir,looking_away,0.399,2.0
127,4.23,Asrar,writing,0.314,2.0
128,4.27,Rizwan,reading,0.767,0.6
128,4.27,Haris,reading,0.719,0.8
128,4.27,Unknown,sleeping,0.552,0.8
128,4.27,Yasir,looking_away,0.504,2.0
128,4.27,Muneeb,looking_away,0.375,1.6
128,4.27,Hassan,reading,0.351,2.0
128,4.27,Yasir,looking_away,0.326,2.0
129,4.3,Rizwan,reading,0.771,0.6
129,4.3,Haris,reading,0.681,0.8
129,4.3,Muneeb,looking_away,0.593,1.6
129,4.3,Unknown,sleeping,0.592,0.8
129,4.3,Yasir,looking_away,0.568,2.0
130,4.33,Rizwan,reading,0.759,0.7
130,4.33,Haris,reading,0.661,0.8
130,4.33,Yasir,looking_away,0.604,2.0
130,4.33,Unknown,sleeping,0.591,0.8
130,4.33,Hassan,reading,0.357,2.0
131,4.37,Unknown,writing,0.869,0.5
131,4.37,Rizwan,reading,0.729,0.7
131,4.37,Haris,reading,0.629,0.9
131,4.37,Yasir,looking_away,0.613,2.0
131,4.37,Unknown,sleeping,0.601,0.9
131,4.37,Muneeb,looking_away,0.532,1.7
131,4.37,Hassan,reading,0.478,2.0
131,4.37,Yasir,looking_away,0.265,2.0
132,4.4,Rizwan,reading,0.693,0.7
132,4.4,Yasir,looking_away,0.661,2.0
132,4.4,Unknown,sleeping,0.635,0.9
132,4.4,Muneeb,looking_away,0.572,1.7
132,4.4,Haris,reading,0.557,0.9
132,4.4,Hassan,reading,0.301,2.0
133,4.43,Yasir,looking_away,0.672,2.0
133,4.43,Rizwan,reading,0.669,0.8
133,4.43,Haris,reading,0.565,0.9
133,4.43,Unknown,sleeping,0.536,0.9
133,4.43,Hassan,reading,0.315,2.0
133,4.43,Muneeb,looking_away,0.307,1.8
134,4.47,Unknown,writing,0.733,0.6
134,4.47,Yasir,looking_away,0.621,2.0
134,4.47,Unknown,sleeping,0.584,1.0
134,4.47,Haris,reading,0.568,1.0
134,4.47,Rizwan,reading,0.567,0.8
135,4.5,Rizwan,reading,0.653,0.8
135,4.5,Unknown,writing,0.652,0.7
135,4.5,Yasir,looking_away,0.581,2.0
135,4.5,Haris,reading,0.543,1.0
135,4.5,Hassan,reading,0.467,2.0
135,4.5,Unknown,sleeping,0.443,1.0
135,4.5,Muneeb,looking_away,0.422,1.8
136,4.53,Muneeb,looking_away,0.678,1.9
136,4.53,Rizwan,reading,0.636,0.9
136,4.53,Unknown,writing,0.626,0.7
136,4.53,Yasir,looking_away,0.551,2.0
136,4.53,Haris,reading,0.523,1.0
136,4.53,Unknown,sleeping,0.477,1.0
136,4.53,Hassan,reading,0.303,2.0
137,4.57,Haris,reading,0.666,1.1
137,4.57,Muneeb,looking_away,0.662,1.9
137,4.57,Rizwan,reading,0.653,0.9
137,4.57,Unknown,writing,0.648,0.7
137,4.57,Yasir,looking_away,0.561,2.0
137,4.57,Unknown,sleeping,0.56,1.1
137,4.57,Hassan,reading,0.376,2.0
137,4.57,Yasir,looking_away,0.372,2.0
138,4.6,Haris,reading,0.664,1.1
138,4.6,Rizwan,reading,0.642,0.9
138,4.6,Muneeb,looking_away,0.635,1.9
138,4.6,Unknown,writing,0.606,0.8
138,4.6,Yasir,looking_away,0.604,2.0
138,4.6,Hassan,reading,0.507,2.0
138,4.6,Unknown,sleeping,0.393,1.1
138,4.6,Yasir,looking_away,0.287,2.0
139,4.63,Haris,reading,0.654,1.1
139,4.63,Rizwan,reading,0.648,1.0
139,4.63,Yasir,looking_away,0.633,2.0
139,4.63,Muneeb,looking_away,0.573,2.0
139,4.63,Unknown,writing,0.513,0.8
139,4.63,Unknown,sleeping,0.362,1.1
139,4.63,Yasir,looking_away,0.287,2.0
140,4.67,Rizwan,reading,0.659,1.0
140,4.67,Haris,reading,0.657,1.2
140,4.67,Yasir,looking_away,0.578,2.0
140,4.67,Muneeb,looking_away,0.574,2.0
140,4.67,Unknown,writing,0.425,0.8
140,4.67,Unknown,sleeping,0.313,1.2
140,4.67,Hassan,reading,0.256,2.0
141,4.7,Rizwan,reading,0.695,1.0
141,4.7,Haris,reading,0.635,1.2
141,4.7,Yasir,looking_away,0.548,2.0
141,4.7,Unknown,sleeping,0.434,1.2
141,4.7,Unknown,writing,0.428,0.9
142,4.73,Rizwan,reading,0.692,1.1
142,4.73,Muneeb,looking_away,0.621,2.0
142,4.73,Haris,reading,0.593,1.2
142,4.73,Yasir,looking_away,0.548,2.0
142,4.73,Unknown,sleeping,0.547,1.2
142,4.73,Unknown,writing,0.462,0.9
142,4.73,Hassan,reading,0.364,2.0
142,4.73,Asrar,writing,0.292,0.5
143,4.77,Rizwan,reading,0.696,1.1
143,4.77,Unknown,sleeping,0.613,1.3
143,4.77,Yasir,looking_away,0.606,2.0
143,4.77,Haris,reading,0.576,1.3
143,4.77,Unknown,writing,0.523,0.9
143,4.77,Muneeb,looking_away,0.497,2.0
143,4.77,Asrar,writing,0.338,0.5
143,4.77,Hassan,reading,0.331,2.0
144,4.8,Rizwan,reading,0.708,1.1
144,4.8,Yasir,looking_away,0.647,2.0
144,4.8,Muneeb,looking_away,0.633,2.0
144,4.8,Unknown,writing,0.554,1.0
144,4.8,Haris,reading,0.522,1.3
144,4.8,Unknown,sleeping,0.482,1.3
144,4.8,Hassan,reading,0.399,2.0
144,4.8,Asrar,writing,0.346,0.6
145,4.83,Yasir,looking_away,0.706,2.0
145,4.83,Muneeb,looking_away,0.627,2.0
145,4.83,Rizwan,reading,0.599,1.2
145,4.83,Haris,reading,0.526,1.3
145,4.83,Unknown,writing,0.507,1.0
145,4.83,Unknown,sleeping,0.449,1.3
145,4.83,Asrar,writing,0.399,0.6
145,4.83,Hassan,reading,0.391,2.0
146,4.87,Yasir,looking_away,0.766,2.0
146,4.87,Muneeb,looking_away,0.594,2.0
146,4.87,Asrar,writing,0.526,0.6
146,4.87,Unknown,sleeping,0.516,1.4
146,4.87,Haris,reading,0.511,1.4
146,4.87,Unknown,writing,0.415,1.0
146,4.87,Rizwan,reading,0.4,1.2
146,4.87,Hassan,reading,0.337,2.0
147,4.9,Yasir,looking_away,0.704,2.0
147,4.9,Unknown,sleeping,0.69,1.4
147,4.9,Unknown,looking_away,0.636,0.5
147,4.9,Asrar,writing,0.573,0.7
147,4.9,Unknown,writing,0.506,1.1
147,4.9,Haris,reading,0.5,1.4
147,4.9,Hassan,reading,0.304,2.0
148,4.93,Unknown,sleeping,0.806,1.4
148,4.93,Muneeb,looking_away,0.714,2.0
148,4.93,Yasir,looking_away,0.697,2.0
148,4.93,Asrar,writing,0.552,0.7
148,4.93,Unknown,looking_away,0.525,0.5
148,4.93,Haris,reading,0.458,1.4
148,4.93,Unknown,writing,0.437,1.1
148,4.93,Hassan,reading,0.405,2.0
148,4.93,Rizwan,reading,0.301,1.3
149,4.97,Unknown,sleeping,0.788,1.5
149,4.97,Yasir,looking_away,0.718,2.0
149,4.97,Muneeb,looking_away,0.693,2.0
149,4.97,Unknown,looking_away,0.564,0.6
149,4.97,Asrar,writing,0.56,0.7
149,4.97,Unknown,writing,0.451,1.1
149,4.97,Haris,reading,0.418,1.5
149,4.97,Hassan,reading,0.314,2.0
150,5.0,Unknown,sleeping,0.835,1.5
150,5.0,Haris,reading,0.701,1.5
150,5.0,Muneeb,looking_away,0.7,2.0
150,5.0,Asrar,writing,0.558,0.8
150,5.0,Unknown,writing,0.515,1.2
150,5.0,Unknown,looking_away,0.486,0.6
150,5.0,Haris,reading,0.451,1.5
150,5.0,Hassan,reading,0.285,2.0
150,5.0,Rizwan,reading,0.27,1.3
151,5.03,Unknown,sleeping,0.896,1.5
151,5.03,Muneeb,looking_away,0.687,2.0
151,5.03,Haris,reading,0.649,1.5
151,5.03,Unknown,writing,0.577,1.2
151,5.03,Asrar,writing,0.511,0.8
151,5.03,Haris,reading,0.41,1.5
151,5.03,Unknown,looking_away,0.397,0.6
151,5.03,Rizwan,reading,0.261,1.4
152,5.07,Unknown,sleeping,0.888,1.6
152,5.07,Muneeb,looking_away,0.696,2.0
152,5.07,Unknown,writing,0.679,1.2
152,5.07,Haris,reading,0.599,1.6
152,5.07,Haris,reading,0.462,1.6
152,5.07,Asrar,writing,0.445,0.8
152,5.07,Unknown,looking_away,0.328,0.7
152,5.07,Hassan,reading,0.276,2.0
153,5.1,Unknown,sleeping,0.907,1.6
153,5.1,Unknown,writing,0.773,1.3
153,5.1,Haris,reading,0.61,1.6
153,5.1,Muneeb,looking_away,0.48,2.0
153,5.1,Asrar,writing,0.465,0.9
153,5.1,Haris,reading,0.397,1.6
153,5.1,Unknown,looking_away,0.362,0.7
153,5.1,Hassan,reading,0.302,2.0
154,5.13,Unknown,sleeping,0.884,1.6
154,5.13,Unknown,writing,0.787,1.3
154,5.13,Haris,reading,0.539,1.6
154,5.13,Muneeb,looking_away,0.5,2.0
154,5.13,Asrar,writing,0.495,0.9
154,5.13,Haris,reading,0.444,1.6
154,5.13,Hassan,reading,0.354,2.0
155,5.17,Unknown,sleeping,0.875,1.7
155,5.17,Hassan,reading,0.82,2.0
155,5.17,Hassan,reading,0.513,2.0
155,5.17,Muneeb,looking_away,0.503,2.0
155,5.17,Haris,reading,0.462,1.7
155,5.17,Asrar,writing,0.46,0.9
155,5.17,Hassan,reading,0.391,2.0
155,5.17,Unknown,looking_away,0.353,0.8
156,5.2,Unknown,sleeping,0.921,1.7
156,5.2,Hassan,reading,0.757,2.0
156,5.2,Hassan,reading,0.58,2.0
156,5.2,Muneeb,looking_away,0.552,2.0
156,5.2,Asrar,writing,0.446,1.0
156,5.2,Haris,reading,0.408,1.7
156,5.2,Hassan,reading,0.39,2.0
156,5.2,Unknown,looking_away,0.347,0.8
157,5.23,Unknown,sleeping,0.916,1.7
157,5.23,Hassan,reading,0.694,2.0
157,5.23,Muneeb,looking_away,0.506,2.0
157,5.23,Hassan,reading,0.471,2.0
157,5.23,Asrar,writing,0.408,1.0
157,5.23,Hassan,reading,0.379,2.0
157,5.23,Haris,reading,0.303,1.7
157,5.23,Unknown,looking_away,0.294,0.8
158,5.27,Unknown,sleeping,0.931,1.8
158,5.27,Hassan,reading,0.606,2.0
158,5.27,Muneeb,looking_away,0.525,1.8
158,5.27,Asrar,writing,0.499,1.0
158,5.27,Hassan,reading,0.441,2.0
158,5.27,Hassan,reading,0.4,2.0
158,5.27,Unknown,looking_away,0.307,0.9
158,5.27,Haris,reading,0.301,1.8
159,5.3,Unknown,sleeping,0.931,1.8
159,5.3,Hassan,reading,0.62,2.0
159,5.3,Muneeb,looking_away,0.497,1.8
159,5.3,Asrar,writing,0.444,1.1
159,5.3,Hassan,reading,0.412,2.0
159,5.3,Haris,reading,0.355,1.8
159,5.3,Hassan,reading,0.332,2.0
159,5.3,Unknown,looking_away,0.327,0.9
160,5.33,Unknown,sleeping,0.938,1.8
160,5.33,Muneeb,looking_away,0.566,1.8
160,5.33,Hassan,reading,0.441,2.0
160,5.33,Asrar,writing,0.417,1.1
160,5.33,Hassan,reading,0.412,2.0
160,5.33,Haris,reading,0.386,1.8
160,5.33,Hassan,reading,0.331,2.0
160,5.33,Unknown,looking_away,0.307,0.9
161,5.37,Unknown,sleeping,0.943,1.9
161,5.37,Muneeb,looking_away,0.561,1.9
161,5.37,Hassan,reading,0.415,2.0
161,5.37,Hassan,reading,0.408,2.0
161,5.37,Hassan,reading,0.366,2.0
161,5.37,Haris,reading,0.353,1.9
161,5.37,Asrar,writing,0.295,1.1
162,5.4,Unknown,sleeping,0.954,1.9
162,5.4,Hassan,reading,0.822,2.0
162,5.4,Muneeb,looking_away,0.537,1.9
162,5.4,Hassan,reading,0.413,2.0
162,5.4,Hassan,reading,0.385,2.0
162,5.4,Asrar,writing,0.31,1.2
162,5.4,Haris,reading,0.263,1.9
163,5.43,Unknown,sleeping,0.95,1.9
163,5.43,Hassan,reading,0.854,2.0
163,5.43,Muneeb,looking_away,0.506,1.9
163,5.43,Hassan,reading,0.398,2.0
163,5.43,Hassan,reading,0.352,2.0
163,5.43,Haris,reading,0.349,1.9
163,5.43,Asrar,writing,0.289,1.2
164,5.47,Unknown,sleeping,0.95,2.0
164,5.47,Hassan,reading,0.856,2.0
164,5.47,Muneeb,looking_away,0.482,2.0
164,5.47,Hassan,reading,0.468,2.0
164,5.47,Haris,reading,0.432,2.0
164,5.47,Hassan,reading,0.299,2.0
164,5.47,Asrar,writing,0.291,1.2
165,5.5,Unknown,sleeping,0.951,2.0
165,5.5,Hassan,reading,0.859,2.0
165,5.5,Muneeb,looking_away,0.522,2.0
165,5.5,Hassan,reading,0.425,2.0
165,5.5,Haris,reading,0.378,2.0
165,5.5,Asrar,writing,0.355,1.3
165,5.5,Hassan,reading,0.273,2.0
166,5.53,Unknown,sleeping,0.957,2.0
166,5.53,Hassan,reading,0.85,2.0
166,5.53,Muneeb,looking_away,0.438,2.0
166,5.53,Hassan,reading,0.382,2.0
166,5.53,Asrar,writing,0.351,1.3
166,5.53,Haris,reading,0.319,2.0
166,5.53,Hassan,reading,0.302,2.0
167,5.57,Unknown,sleeping,0.962,2.0
167,5.57,Hassan,reading,0.797,2.0
167,5.57,Asrar,writing,0.327,1.3
167,5.57,Haris,reading,0.313,2.0
167,5.57,Hassan,reading,0.303,2.0
167,5.57,Hassan,reading,0.299,2.0
167,5.57,Muneeb,looking_away,0.261,2.0
167,5.57,Rizwan,reading,0.25,1.9
168,5.6,Unknown,sleeping,0.962,2.0
168,5.6,Asrar,writing,0.404,1.4
168,5.6,Hassan,reading,0.324,2.0
168,5.6,Haris,reading,0.296,2.0
168,5.6,Muneeb,looking_away,0.282,2.0
168,5.6,Hassan,reading,0.263,2.0
168,5.6,Hassan,reading,0.252,2.0
169,5.63,Unknown,sleeping,0.963,2.0
169,5.63,Asrar,writing,0.431,1.4
169,5.63,Haris,reading,0.43,2.0
169,5.63,Muneeb,looking_away,0.287,2.0
169,5.63,Hassan,reading,0.286,2.0
169,5.63,Rizwan,reading,0.252,2.0
170,5.67,Unknown,sleeping,0.965,2.0
170,5.67,Haris,reading,0.557,2.0
170,5.67,Asrar,writing,0.398,1.4
170,5.67,Hassan,reading,0.346,2.0
170,5.67,Muneeb,looking_away,0.288,2.0
170,5.67,Hassan,reading,0.261,2.0
170,5.67,Rizwan,reading,0.259,2.0
170,5.67,Hassan,reading,0.25,2.0
171,5.7,Unknown,sleeping,0.955,2.0
171,5.7,Hassan,reading,0.693,2.0
171,5.7,Haris,reading,0.58,2.0
171,5.7,Asrar,writing,0.411,1.5
171,5.7,Hassan,reading,0.369,2.0
171,5.7,Rizwan,reading,0.363,2.0
171,5.7,Unknown,looking_away,0.342,1.3
171,5.7,Muneeb,looking_away,0.255,2.0
172,5.73,Unknown,sleeping,0.951,2.0
172,5.73,Hassan,reading,0.772,2.0
172,5.73,Haris,reading,0.568,2.0
172,5.73,Hassan,reading,0.457,2.0
172,5.73,Asrar,writing,0.448,1.5
172,5.73,Rizwan,reading,0.311,2.0
172,5.73,Unknown,looking_away,0.302,1.3
173,5.77,Unknown,sleeping,0.961,2.0
173,5.77,Haris,reading,0.651,2.0
173,5.77,Asrar,writing,0.465,1.5
173,5.77,Hassan,reading,0.445,2.0
173,5.77,Hassan,reading,0.407,2.0
173,5.77,Rizwan,reading,0.328,2.0
173,5.77,Muneeb,looking_away,0.266,2.0
174,5.8,Unknown,sleeping,0.955,2.0
174,5.8,Haris,reading,0.703,2.0
174,5.8,Hassan,reading,0.534,2.0
174,5.8,Asrar,writing,0.473,1.6
174,5.8,Hassan,reading,0.39,2.0
174,5.8,Rizwan,reading,0.376,2.0
174,5.8,Muneeb,looking_away,0.307,2.0
174,5.8,Unknown,looking_away,0.26,1.4
175,5.83,Unknown,sleeping,0.959,2.0
175,5.83,Haris,reading,0.657,2.0
175,5.83,Hassan,reading,0.646,2.0
175,5.83,Asrar,writing,0.452,1.6
175,5.83,Rizwan,reading,0.391,2.0
175,5.83,Hassan,reading,0.336,2.0
175,5.83,Unknown,looking_away,0.287,1.4
175,5.83,Muneeb,looking_away,0.272,2.0
176,5.87,Unknown,sleeping,0.962,2.0
176,5.87,Haris,reading,0.683,2.0
176,5.87,Hassan,reading,0.656,2.0
176,5.87,Rizwan,reading,0.496,2.0
176,5.87,Asrar,writing,0.495,1.6
176,5.87,Unknown,looking_away,0.396,1.5
176,5.87,Hassan,reading,0.343,2.0
176,5.87,Muneeb,looking_away,0.285,2.0
177,5.9,Unknown,sleeping,0.954,2.0
177,5.9,Hassan,reading,0.69,2.0
177,5.9,Haris,reading,0.644,2.0
177,5.9,Rizwan,reading,0.594,2.0
177,5.9,Asrar,writing,0.588,1.7
177,5.9,Unknown,looking_away,0.421,1.5
177,5.9,Hassan,reading,0.318,2.0
178,5.93,Unknown,sleeping,0.959,2.0
178,5.93,Hassan,reading,0.733,2.0
178,5.93,Haris,reading,0.65,2.0
178,5.93,Asrar,writing,0.495,1.7
178,5.93,Rizwan,reading,0.49,2.0
178,5.93,Unknown,looking_away,0.41,1.5
178,5.93,Hassan,reading,0.306,2.0
178,5.93,Hassan,reading,0.282,2.0
179,5.97,Unknown,sleeping,0.96,2.0
179,5.97,Unknown,looking_away,0.756,1.6
179,5.97,Hassan,reading,0.756,2.0
179,5.97,Haris,reading,0.537,2.0
179,5.97,Hassan,reading,0.486,2.0
179,5.97,Rizwan,reading,0.48,2.0
179,5.97,Asrar,writing,0.46,1.7
179,5.97,Muneeb,looking_away,0.285,2.0
179,5.97,Hassan,reading,0.281,2.0
180,6.0,Unknown,sleeping,0.961,2.0
180,6.0,Hassan,reading,0.775,2.0
180,6.0,Unknown,looking_away,0.695,1.6
180,6.0,Haris,reading,0.596,2.0
180,6.0,Asrar,writing,0.522,1.8
180,6.0,Rizwan,reading,0.457,2.0
180,6.0,Hassan,reading,0.276,2.0
181,6.03,Unknown,sleeping,0.97,2.0
181,6.03,Hassan,reading,0.801,2.0
181,6.03,Haris,reading,0.69,2.0
181,6.03,Asrar,writing,0.473,1.8
181,6.03,Rizwan,reading,0.423,2.0
181,6.03,Hassan,reading,0.396,2.0
181,6.03,Hassan,reading,0.268,2.0
181,6.03,Muneeb,looking_away,0.262,2.0
182,6.07,Unknown,sleeping,0.972,2.0
182,6.07,Hassan,reading,0.774,2.0
182,6.07,Hassan,reading,0.418,2.0
182,6.07,Rizwan,reading,0.382,2.0
182,6.07,Haris,reading,0.373,2.0
182,6.07,Unknown,looking_away,0.335,1.7
182,6.07,Asrar,writing,0.325,1.8
182,6.07,Hassan,reading,0.288,2.0
183,6.1,Unknown,sleeping,0.972,2.0
183,6.1,Hassan,reading,0.805,2.0
183,6.1,Asrar,writing,0.413,1.9
183,6.1,Haris,looking_away,0.385,1.1
183,6.1,Hassan,reading,0.347,2.0
183,6.1,Unknown,looking_away,0.347,1.7
183,6.1,Rizwan,reading,0.346,2.0
183,6.1,Muneeb,looking_away,0.299,2.0
184,6.13,Unknown,sleeping,0.971,2.0
184,6.13,Hassan,reading,0.785,2.0
184,6.13,Hassan,reading,0.471,2.0
184,6.13,Haris,looking_away,0.454,1.1
184,6.13,Asrar,writing,0.401,1.9
184,6.13,Rizwan,reading,0.358,2.0
184,6.13,Unknown,looking_away,0.351,1.7
185,6.17,Unknown,sleeping,0.97,2.0
185,6.17,Hassan,reading,0.705,2.0
185,6.17,Hassan,reading,0.617,2.0
185,6.17,Unknown,looking_away,0.616,1.8
185,6.17,Haris,looking_away,0.611,1.2
185,6.17,Asrar,writing,0.436,1.9
185,6.17,Rizwan,reading,0.413,2.0
185,6.17,Muneeb,looking_away,0.295,1.9
186,6.2,Unknown,sleeping,0.97,2.0
186,6.2,Hassan,reading,0.739,2.0
186,6.2,Unknown,looking_away,0.669,1.8
186,6.2,Haris,looking_away,0.535,1.2
186,6.2,Asrar,writing,0.469,2.0
186,6.2,Hassan,reading,0.46,2.0
186,6.2,Rizwan,reading,0.426,2.0
186,6.2,Muneeb,looking_away,0.335,1.9
186,6.2,Hassan,reading,0.33,2.0
187,6.23,Unknown,sleeping,0.966,2.0
187,6.23,Hassan,reading,0.707,2.0
187,6.23,Haris,looking_away,0.533,1.2
187,6.23,Unknown,looking_away,0.467,1.8
187,6.23,Asrar,writing,0.436,2.0
187,6.23,Rizwan,looking_away,0.407,1.3
187,6.23,Hassan,reading,0.349,2.0
187,6.23,Hassan,reading,0.34,2.0
188,6.27,Unknown,sleeping,0.97,2.0
188,6.27,Unknown,looking_away,0.682,1.9
188,6.27,Hassan,reading,0.664,2.0
188,6.27,Haris,looking_away,0.582,1.3
188,6.27,Asrar,writing,0.448,1.7
188,6.27,Hassan,reading,0.405,2.0
188,6.27,Muneeb,looking_away,0.308,2.0
188,6.27,Hassan,reading,0.306,2.0
188,6.27,Rizwan,looking_away,0.28,1.3
189,6.3,Unknown,sleeping,0.974,2.0
189,6.3,Haris,looking_away,0.581,1.3
189,6.3,Unknown,looking_away,0.574,1.9
189,6.3,Hassan,reading,0.52,2.0
189,6.3,Asrar,writing,0.487,1.7
189,6.3,Hassan,reading,0.403,2.0
190,6.33,Unknown,sleeping,0.976,2.0
190,6.33,Haris,looking_away,0.692,1.3
190,6.33,Unknown,looking_away,0.606,1.9
190,6.33,Hassan,reading,0.511,2.0
190,6.33,Asrar,writing,0.487,1.7
190,6.33,Muneeb,looking_away,0.41,2.0
190,6.33,Haris,looking_away,0.339,1.3
191,6.37,Unknown,sleeping,0.973,2.0
191,6.37,Muneeb,looking_away,0.878,2.0
191,6.37,Unknown,looking_away,0.647,2.0
191,6.37,Hassan,reading,0.624,2.0
191,6.37,Haris,looking_away,0.615,1.4
191,6.37,Asrar,writing,0.485,1.8
191,6.37,Haris,looking_away,0.331,1.4
192,6.4,Unknown,sleeping,0.971,2.0
192,6.4,Muneeb,looking_away,0.867,2.0
192,6.4,Unknown,looking_away,0.707,2.0
192,6.4,Hassan,reading,0.516,2.0
192,6.4,Asrar,writing,0.487,1.8
192,6.4,Haris,looking_away,0.369,1.4
192,6.4,Rizwan,looking_away,0.266,1.5
193,6.43,Unknown,sleeping,0.967,2.0
193,6.43,Muneeb,looking_away,0.78,2.0
193,6.43,Unknown,looking_away,0.756,2.0
193,6.43,Haris,looking_away,0.663,1.4
193,6.43,Asrar,writing,0.487,1.8
193,6.43,Hassan,reading,0.46,2.0
193,6.43,Haris,looking_away,0.362,1.4
194,6.47,Unknown,sleeping,0.952,2.0
194,6.47,Unknown,looking_away,0.709,2.0
194,6.47,Muneeb,looking_away,0.644,2.0
194,6.47,Haris,looking_away,0.553,1.5
194,6.47,Haris,looking_away,0.412,1.5
194,6.47,Hassan,reading,0.396,2.0
194,6.47,Asrar,writing,0.393,1.9
194,6.47,Rizwan,looking_away,0.253,1.5
195,6.5,Unknown,sleeping,0.952,2.0
195,6.5,Unknown,looking_away,0.728,1.8
195,6.5,Muneeb,looking_away,0.701,2.0
195,6.5,Haris,looking_away,0.491,1.5
195,6.5,Haris,looking_away,0.491,1.5
195,6.5,Unknown,writing,0.399,2.0
195,6.5,Asrar,writing,0.389,1.9
195,6.5,Rizwan,looking_away,0.277,1.6
195,6.5,Hassan,reading,0.268,2.0
196,6.53,Unknown,sleeping,0.947,2.0
196,6.53,Unknown,looking_away,0.797,1.9
196,6.53,Muneeb,looking_away,0.704,2.0
196,6.53,Haris,looking_away,0.462,1.5
196,6.53,Asrar,writing,0.407,1.9
196,6.53,Unknown,writing,0.364,2.0
196,6.53,Hassan,reading,0.36,2.0
196,6.53,Haris,looking_away,0.328,1.5
196,6.53,Rizwan,looking_away,0.308,1.6
197,6.57,Unknown,sleeping,0.948,2.0
197,6.57,Muneeb,looking_away,0.753,2.0
197,6.57,Haris,looking_away,0.545,1.6
197,6.57,Unknown,writing,0.524,2.0
197,6.57,Asrar,writing,0.422,2.0
197,6.57,Rizwan,looking_away,0.303,1.6
197,6.57,Haris,looking_away,0.281,1.6
198,6.6,Unknown,sleeping,0.94,2.0
198,6.6,Unknown,looking_away,0.726,1.9
198,6.6,Haris,looking_away,0.593,1.6
198,6.6,Asrar,writing,0.443,2.0
198,6.6,Unknown,writing,0.44,2.0
198,6.6,Rizwan,looking_away,0.293,1.7
198,6.6,Muneeb,looking_away,0.261,2.0
199,6.63,Unknown,sleeping,0.937,2.0
199,6.63,Unknown,looking_away,0.671,2.0
199,6.63,Muneeb,looking_away,0.648,2.0
199,6.63,Unknown,writing,0.635,2.0
199,6.63,Haris,looking_away,0.537,1.6
199,6.63,Asrar,writing,0.404,2.0
200,6.67,Unknown,sleeping,0.895,2.0
200,6.67,Muneeb,looking_away,0.684,2.0
200,6.67,Hassan,reading,0.547,2.0
200,6.67,Haris,looking_away,0.522,1.7
200,6.67,Asrar,writing,0.417,2.0
201,6.7,Unknown,sleeping,0.865,2.0
201,6.7,Hassan,reading,0.557,2.0
201,6.7,Asrar,writing,0.494,2.0
201,6.7,Haris,looking_away,0.485,1.7
201,6.7,Muneeb,looking_away,0.432,2.0
202,6.73,Unknown,sleeping,0.86,2.0
202,6.73,Muneeb,looking_away,0.712,2.0
202,6.73,Hassan,reading,0.672,2.0
202,6.73,Haris,looking_away,0.537,1.7
202,6.73,Asrar,writing,0.529,2.0
203,6.77,Unknown,sleeping,0.803,2.0
203,6.77,Hassan,reading,0.736,2.0
203,6.77,Asrar,writing,0.637,2.0
203,6.77,Muneeb,looking_away,0.555,2.0
203,6.77,Haris,looking_away,0.475,1.8
203,6.77,Unknown,looking_away,0.333,2.0
203,6.77,Hassan,reading,0.261,2.0
204,6.8,Hassan,reading,0.784,2.0
204,6.8,Unknown,sleeping,0.662,2.0
204,6.8,Asrar,writing,0.643,2.0
204,6.8,Muneeb,looking_away,0.585,2.0
204,6.8,Unknown,looking_away,0.505,2.0
204,6.8,Haris,looking_away,0.49,1.8
205,6.83,Hassan,reading,0.826,2.0
205,6.83,Asrar,writing,0.565,2.0
205,6.83,Haris,looking_away,0.51,1.8
205,6.83,Muneeb,looking_away,0.414,2.0
205,6.83,Unknown,looking_away,0.385,2.0
205,6.83,Unknown,sleeping,0.333,2.0
205,6.83,Rizwan,looking_away,0.291,1.9
205,6.83,Hassan,reading,0.287,2.0
206,6.87,Hassan,reading,0.826,2.0
206,6.87,Muneeb,looking_away,0.759,2.0
206,6.87,Haris,looking_away,0.615,1.9
206,6.87,Asrar,writing,0.604,2.0
206,6.87,Muneeb,looking_away,0.539,2.0
206,6.87,Unknown,sleeping,0.436,2.0
206,6.87,Rizwan,looking_away,0.315,1.9
207,6.9,Hassan,reading,0.85,2.0
207,6.9,Unknown,sleeping,0.846,2.0
207,6.9,Muneeb,looking_away,0.754,2.0
207,6.9,Haris,looking_away,0.7,1.9
207,6.9,Asrar,writing,0.611,2.0
207,6.9,Rizwan,looking_away,0.386,2.0
207,6.9,Muneeb,looking_away,0.271,2.0
208,6.93,Unknown,sleeping,0.895,2.0
208,6.93,Hassan,reading,0.858,2.0
208,6.93,Muneeb,looking_away,0.827,2.0
208,6.93,Haris,looking_away,0.73,1.9
208,6.93,Asrar,writing,0.687,2.0
208,6.93,Muneeb,looking_away,0.477,2.0
208,6.93,Rizwan,looking_away,0.373,2.0
208,6.93,Haris,looking_away,0.323,1.9
209,6.97,Unknown,sleeping,0.922,2.0
209,6.97,Hassan,reading,0.912,2.0
209,6.97,Asrar,writing,0.81,2.0
209,6.97,Haris,looking_away,0.759,2.0
209,6.97,Muneeb,looking_away,0.727,2.0
209,6.97,Rizwan,looking_away,0.452,2.0
209,6.97,Muneeb,looking_away,0.413,2.0
209,6.97,Haris,looking_away,0.35,2.0
210,7.0,Unknown,sleeping,0.955,2.0
210,7.0,Hassan,reading,0.888,2.0
210,7.0,Muneeb,looking_away,0.873,2.0
210,7.0,Asrar,writing,0.785,2.0
210,7.0,Haris,looking_away,0.732,2.0
210,7.0,Haris,looking_away,0.378,2.0
210,7.0,Rizwan,looking_away,0.336,2.0
211,7.03,Unknown,sleeping,0.943,2.0
211,7.03,Hassan,reading,0.92,2.0
211,7.03,Muneeb,looking_away,0.837,2.0
211,7.03,Asrar,writing,0.755,2.0
211,7.03,Haris,looking_away,0.68,2.0
211,7.03,Haris,looking_away,0.456,2.0
211,7.03,Rizwan,looking_away,0.277,2.0
212,7.07,Unknown,sleeping,0.966,2.0
212,7.07,Hassan,writing,0.939,1.9
212,7.07,Muneeb,looking_away,0.811,2.0
212,7.07,Asrar,writing,0.78,2.0
212,7.07,Haris,looking_away,0.637,2.0
212,7.07,Haris,looking_away,0.481,2.0
213,7.1,Unknown,sleeping,0.972,2.0
213,7.1,Hassan,writing,0.935,1.9
213,7.1,Asrar,writing,0.742,2.0
213,7.1,Muneeb,looking_away,0.676,2.0
213,7.1,Haris,looking_away,0.496,2.0
213,7.1,Haris,looking_away,0.491,2.0
213,7.1,Rizwan,looking_away,0.305,1.5
214,7.13,Unknown,sleeping,0.979,2.0
214,7.13,Hassan,writing,0.936,2.0
214,7.13,Asrar,writing,0.764,2.0
214,7.13,Haris,looking_away,0.528,2.0
214,7.13,Haris,looking_away,0.447,2.0
214,7.13,Rizwan,looking_away,0.393,1.5
214,7.13,Muneeb,hand_raising,0.36,0.8
214,7.13,Muneeb,looking_away,0.261,2.0
215,7.17,Unknown,sleeping,0.977,2.0
215,7.17,Hassan,writing,0.946,2.0
215,7.17,Asrar,writing,0.793,2.0
215,7.17,Haris,looking_away,0.512,2.0
215,7.17,Rizwan,looking_away,0.472,1.5
215,7.17,Haris,looking_away,0.452,2.0
215,7.17,Muneeb,hand_raising,0.328,0.8
216,7.2,Unknown,sleeping,0.974,2.0
216,7.2,Hassan,writing,0.946,2.0
216,7.2,Asrar,writing,0.765,2.0
216,7.2,Haris,looking_away,0.622,2.0
216,7.2,Haris,looking_away,0.568,2.0
216,7.2,Rizwan,looking_away,0.51,1.6
216,7.2,Muneeb,hand_raising,0.27,0.9
217,7.23,Unknown,sleeping,0.977,2.0
217,7.23,Hassan,writing,0.937,2.0
217,7.23,Asrar,writing,0.815,2.0
217,7.23,Rizwan,looking_away,0.532,1.6
217,7.23,Haris,looking_away,0.52,2.0
217,7.23,Haris,looking_away,0.493,2.0
217,7.23,Muneeb,hand_raising,0.293,0.9
218,7.27,Unknown,sleeping,0.981,2.0
218,7.27,Hassan,writing,0.952,2.0
218,7.27,Asrar,writing,0.716,2.0
218,7.27,Rizwan,looking_away,0.64,1.6
218,7.27,Haris,looking_away,0.466,2.0
218,7.27,Muneeb,hand_raising,0.251,0.9
219,7.3,Unknown,sleeping,0.979,2.0
219,7.3,Hassan,writing,0.926,2.0
219,7.3,Asrar,writing,0.752,2.0
219,7.3,Rizwan,looking_away,0.716,1.7
219,7.3,Haris,looking_away,0.625,2.0
219,7.3,Haris,looking_away,0.49,2.0
220,7.33,Unknown,sleeping,0.974,2.0
220,7.33,Hassan,writing,0.919,2.0
220,7.33,Rizwan,looking_away,0.827,1.7
220,7.33,Asrar,writing,0.745,2.0
220,7.33,Haris,looking_away,0.649,2.0
220,7.33,Haris,looking_away,0.477,2.0
220,7.33,Hassan,writing,0.329,2.0
220,7.33,Muneeb,hand_raising,0.283,1.0
221,7.37,Unknown,sleeping,0.971,2.0
221,7.37,Hassan,writing,0.936,2.0
221,7.37,Rizwan,looking_away,0.801,1.7
221,7.37,Asrar,writing,0.694,2.0
221,7.37,Haris,looking_away,0.635,2.0
221,7.37,Haris,looking_away,0.428,2.0
221,7.37,Muneeb,hand_raising,0.388,1.0
221,7.37,Hassan,writing,0.321,2.0
222,7.4,Unknown,sleeping,0.973,2.0
222,7.4,Hassan,writing,0.929,2.0
222,7.4,Rizwan,looking_away,0.792,1.8
222,7.4,Asrar,writing,0.753,2.0
222,7.4,Haris,looking_away,0.629,2.0
222,7.4,Haris,looking_away,0.476,2.0
222,7.4,Muneeb,hand_raising,0.373,1.1
222,7.4,Hassan,writing,0.367,2.0
223,7.43,Unknown,sleeping,0.979,2.0
223,7.43,Hassan,writing,0.898,2.0
223,7.43,Asrar,writing,0.81,2.0
223,7.43,Rizwan,looking_away,0.792,1.8
223,7.43,Haris,looking_away,0.673,2.0
223,7.43,Muneeb,hand_raising,0.606,1.1
223,7.43,Haris,looking_away,0.432,2.0
223,7.43,Hassan,writing,0.416,2.0
224,7.47,Unknown,sleeping,0.978,2.0
224,7.47,Hassan,writing,0.922,2.0
224,7.47,Asrar,writing,0.799,2.0
224,7.47,Rizwan,looking_away,0.792,1.8
224,7.47,Muneeb,hand_raising,0.679,1.1
224,7.47,Haris,looking_away,0.635,2.0
224,7.47,Hassan,writing,0.486,2.0
224,7.47,Haris,looking_away,0.414,2.0
225,7.5,Unknown,sleeping,0.982,2.0
225,7.5,Hassan,writing,0.893,2.0
225,7.5,Rizwan,looking_away,0.821,1.9
225,7.5,Asrar,writing,0.798,2.0
225,7.5,Haris,looking_away,0.658,2.0
225,7.5,Muneeb,hand_raising,0.656,1.2
225,7.5,Hassan,writing,0.472,2.0
225,7.5,Haris,looking_away,0.257,2.0
226,7.53,Unknown,sleeping,0.984,2.0
226,7.53,Hassan,writing,0.884,2.0
226,7.53,Asrar,writing,0.786,2.0
226,7.53,Rizwan,looking_away,0.75,1.9
226,7.53,Muneeb,hand_raising,0.672,1.2
226,7.53,Haris,looking_away,0.547,2.0
226,7.53,Hassan,writing,0.358,2.0
226,7.53,Haris,looking_away,0.291,2.0
227,7.57,Unknown,sleeping,0.98,2.0
227,7.57,Hassan,writing,0.882,2.0
227,7.57,Rizwan,looking_away,0.729,1.9
227,7.57,Asrar,writing,0.719,2.0
227,7.57,Muneeb,hand_raising,0.658,1.2
227,7.57,Haris,looking_away,0.562,2.0
227,7.57,Hassan,writing,0.394,2.0
227,7.57,Haris,looking_away,0.385,2.0
228,7.6,Unknown,sleeping,0.98,2.0
228,7.6,Hassan,writing,0.871,2.0
228,7.6,Muneeb,hand_raising,0.684,1.3
228,7.6,Rizwan,looking_away,0.683,2.0
228,7.6,Asrar,writing,0.612,2.0
228,7.6,Haris,reading,0.512,1.2
228,7.6,Haris,reading,0.407,1.2
228,7.6,Hassan,writing,0.39,2.0
229,7.63,Unknown,sleeping,0.98,2.0
229,7.63,Hassan,writing,0.894,2.0
229,7.63,Muneeb,hand_raising,0.674,1.3
229,7.63,Rizwan,looking_away,0.598,2.0
229,7.63,Asrar,writing,0.58,2.0
229,7.63,Haris,reading,0.419,1.2
229,7.63,Haris,reading,0.371,1.2
229,7.63,Hassan,writing,0.364,2.0
230,7.67,Unknown,sleeping,0.983,2.0
230,7.67,Hassan,writing,0.904,2.0
230,7.67,Muneeb,hand_raising,0.656,1.3
230,7.67,Rizwan,looking_away,0.569,2.0
230,7.67,Haris,reading,0.5,1.3
230,7.67,Hassan,writing,0.408,2.0
230,7.67,Haris,reading,0.397,1.3
230,7.67,Asrar,writing,0.387,2.0
231,7.7,Unknown,sleeping,0.982,2.0
231,7.7,Hassan,writing,0.906,2.0
231,7.7,Muneeb,hand_raising,0.718,1.4
231,7.7,Rizwan,looking_away,0.622,2.0
231,7.7,Hassan,writing,0.555,2.0
231,7.7,Haris,reading,0.551,1.3
231,7.7,Haris,reading,0.405,1.3
231,7.7,Asrar,writing,0.299,2.0
232,7.73,Unknown,sleeping,0.98,2.0
232,7.73,Hassan,writing,0.9,2.0
232,7.73,Muneeb,hand_raising,0.715,1.4
232,7.73,Haris,reading,0.619,1.3
232,7.73,Rizwan,looking_away,0.583,2.0
232,7.73,Hassan,writing,0.525,2.0
232,7.73,Haris,reading,0.45,1.3
232,7.73,Asrar,writing,0.274,2.0
233,7.77,Unknown,sleeping,0.982,2.0
233,7.77,Hassan,writing,0.891,2.0
233,7.77,Muneeb,hand_raising,0.669,1.4
233,7.77,Hassan,writing,0.621,2.0
233,7.77,Haris,reading,0.614,1.4
233,7.77,Rizwan,looking_away,0.597,2.0
233,7.77,Haris,reading,0.424,1.4
234,7.8,Unknown,sleeping,0.979,2.0
234,7.8,Hassan,writing,0.889,2.0
234,7.8,Muneeb,hand_raising,0.647,1.5
234,7.8,Haris,reading,0.64,1.4
234,7.8,Rizwan,looking_away,0.58,2.0
234,7.8,Hassan,writing,0.545,2.0
234,7.8,Haris,reading,0.389,1.4
234,7.8,Asrar,writing,0.261,2.0
235,7.83,Unknown,sleeping,0.979,2.0
235,7.83,Hassan,writing,0.883,2.0
235,7.83,Muneeb,hand_raising,0.68,1.5
235,7.83,Haris,reading,0.63,1.4
235,7.83,Hassan,writing,0.628,2.0
235,7.83,Rizwan,looking_away,0.624,2.0
235,7.83,Haris,reading,0.36,1.4
236,7.87,Unknown,sleeping,0.98,2.0
236,7.87,Hassan,writing,0.853,2.0
236,7.87,Muneeb,hand_raising,0.694,1.5
236,7.87,Haris,reading,0.683,1.5
236,7.87,Hassan,writing,0.655,2.0
236,7.87,Rizwan,looking_away,0.613,2.0
236,7.87,Haris,reading,0.352,1.5
237,7.9,Unknown,sleeping,0.98,2.0
237,7.9,Hassan,writing,0.778,2.0
237,7.9,Muneeb,hand_raising,0.694,1.6
237,7.9,Haris,reading,0.62,1.5
237,7.9,Rizwan,looking_away,0.46,2.0
237,7.9,Haris,reading,0.347,1.5
238,7.93,Unknown,sleeping,0.98,2.0
238,7.93,Hassan,writing,0.792,2.0
238,7.93,Muneeb,hand_raising,0.712,1.6
238,7.93,Haris,reading,0.628,1.5
238,7.93,Rizwan,looking_board,0.486,0.8
238,7.93,Haris,reading,0.303,1.5
239,7.97,Unknown,sleeping,0.981,2.0
239,7.97,Hassan,writing,0.832,2.0
239,7.97,Muneeb,hand_raising,0.698,1.6
239,7.97,Haris,reading,0.509,1.6
239,7.97,Rizwan,looking_board,0.364,0.9
239,7.97,Haris,reading,0.336,1.6
240,8.0,Unknown,sleeping,0.979,2.0
240,8.0,Hassan,writing,0.875,2.0
240,8.0,Muneeb,hand_raising,0.687,1.7
240,8.0,Hassan,writing,0.483,2.0
240,8.0,Hassan,writing,0.302,2.0
240,8.0,Rizwan,looking_board,0.252,0.9
241,8.03,Unknown,sleeping,0.979,2.0
241,8.03,Hassan,writing,0.892,2.0
241,8.03,Muneeb,hand_raising,0.695,1.7
241,8.03,Hassan,writing,0.477,2.0
242,8.07,Unknown,sleeping,0.981,2.0
242,8.07,Hassan,writing,0.929,2.0
242,8.07,Muneeb,hand_raising,0.673,1.7
242,8.07,Hassan,writing,0.539,2.0
242,8.07,Rizwan,looking_board,0.359,1.0
243,8.1,Unknown,sleeping,0.98,2.0
243,8.1,Hassan,writing,0.931,2.0
243,8.1,Muneeb,hand_raising,0.694,1.8
243,8.1,Hassan,writing,0.507,2.0
243,8.1,Hassan,writing,0.382,2.0
243,8.1,Rizwan,looking_board,0.31,1.0
244,8.13,Unknown,sleeping,0.981,2.0
244,8.13,Hassan,writing,0.939,2.0
244,8.13,Muneeb,hand_raising,0.7,1.8
244,8.13,Hassan,writing,0.527,2.0
244,8.13,Hassan,writing,0.365,2.0
244,8.13,Rizwan,looking_board,0.291,1.0
245,8.17,Unknown,sleeping,0.981,2.0
245,8.17,Hassan,writing,0.934,2.0
245,8.17,Muneeb,hand_raising,0.663,1.8
245,8.17,Hassan,writing,0.57,2.0
245,8.17,Rizwan,looking_board,0.431,1.1
245,8.17,Hassan,writing,0.421,2.0
246,8.2,Unknown,sleeping,0.98,2.0
246,8.2,Hassan,writing,0.934,2.0
246,8.2,Muneeb,hand_raising,0.712,1.9
246,8.2,Hassan,writing,0.622,2.0
246,8.2,Rizwan,looking_board,0.502,1.1
246,8.2,Hassan,writing,0.409,2.0
247,8.23,Unknown,sleeping,0.981,2.0
247,8.23,Hassan,writing,0.937,2.0
247,8.23,Muneeb,hand_raising,0.758,1.9
247,8.23,Hassan,writing,0.587,2.0
247,8.23,Hassan,writing,0.322,2.0
248,8.27,Unknown,sleeping,0.984,2.0
248,8.27,Hassan,writing,0.939,2.0
248,8.27,Muneeb,hand_raising,0.756,1.9
248,8.27,Hassan,writing,0.572,2.0
248,8.27,Rizwan,looking_board,0.39,1.2
249,8.3,Unknown,sleeping,0.984,2.0
249,8.3,Hassan,writing,0.939,2.0
249,8.3,Muneeb,hand_raising,0.777,2.0
249,8.3,Hassan,writing,0.649,2.0
249,8.3,Rizwan,looking_board,0.277,1.2
250,8.33,Unknown,sleeping,0.983,2.0
250,8.33,Hassan,writing,0.942,2.0
250,8.33,Muneeb,hand_raising,0.777,2.0
250,8.33,Hassan,writing,0.545,2.0
250,8.33,Rizwan,looking_board,0.468,1.2
251,8.37,Unknown,sleeping,0.983,2.0
251,8.37,Hassan,writing,0.94,2.0
251,8.37,Asrar,writing,0.82,2.0
251,8.37,Hassan,writing,0.539,2.0
251,8.37,Rizwan,looking_board,0.328,1.3
252,8.4,Unknown,sleeping,0.985,2.0
252,8.4,Hassan,writing,0.94,2.0
252,8.4,Asrar,writing,0.814,2.0
252,8.4,Hassan,writing,0.67,2.0
252,8.4,Hassan,writing,0.599,2.0
252,8.4,Rizwan,looking_board,0.349,1.3
253,8.43,Unknown,sleeping,0.984,2.0
253,8.43,Hassan,writing,0.943,2.0
253,8.43,Muneeb,hand_raising,0.808,2.0
253,8.43,Hassan,writing,0.644,2.0
253,8.43,Rizwan,looking_board,0.362,1.3
253,8.43,Asrar,writing,0.275,2.0
254,8.47,Unknown,sleeping,0.985,2.0
254,8.47,Hassan,writing,0.939,2.0
254,8.47,Muneeb,hand_raising,0.864,2.0
254,8.47,Hassan,writing,0.603,2.0
254,8.47,Asrar,writing,0.387,2.0
254,8.47,Rizwan,looking_board,0.284,1.4
255,8.5,Unknown,sleeping,0.984,2.0
255,8.5,Hassan,writing,0.933,1.8
255,8.5,Muneeb,hand_raising,0.851,2.0
255,8.5,Hassan,writing,0.601,1.8
255,8.5,Muneeb,hand_raising,0.567,2.0
255,8.5,Asrar,writing,0.452,2.0
255,8.5,Yasir,mobile_use,0.398,0.5
255,8.5,Rizwan,looking_board,0.333,1.4
255,8.5,Hassan,writing,0.309,1.8
256,8.53,Unknown,sleeping,0.985,2.0
256,8.53,Hassan,writing,0.938,1.9
256,8.53,Muneeb,hand_raising,0.833,2.0
256,8.53,Hassan,writing,0.656,1.9
256,8.53,Yasir,mobile_use,0.448,0.5
256,8.53,Rizwan,looking_board,0.302,1.4
256,8.53,Asrar,writing,0.282,2.0
257,8.57,Unknown,sleeping,0.988,2.0
257,8.57,Hassan,writing,0.939,1.9
257,8.57,Muneeb,hand_raising,0.859,2.0
257,8.57,Hassan,writing,0.643,1.9
257,8.57,Yasir,mobile_use,0.445,0.6
257,8.57,Asrar,writing,0.356,2.0
257,8.57,Rizwan,looking_board,0.342,1.5
258,8.6,Unknown,sleeping,0.988,2.0
258,8.6,Hassan,writing,0.942,1.9
258,8.6,Muneeb,hand_raising,0.864,2.0
258,8.6,Hassan,writing,0.719,1.9
258,8.6,Asrar,writing,0.476,2.0
258,8.6,Yasir,mobile_use,0.379,0.6
258,8.6,Rizwan,looking_board,0.311,1.5
259,8.63,Unknown,sleeping,0.988,2.0
259,8.63,Hassan,writing,0.937,2.0
259,8.63,Muneeb,hand_raising,0.851,2.0
259,8.63,Hassan,writing,0.794,2.0
259,8.63,Hassan,writing,0.727,2.0
259,8.63,Asrar,writing,0.66,2.0
259,8.63,Yasir,mobile_use,0.431,0.6
259,8.63,Rizwan,looking_board,0.301,1.5
260,8.67,Unknown,sleeping,0.989,2.0
260,8.67,Hassan,writing,0.94,2.0
260,8.67,Hassan,writing,0.777,2.0
260,8.67,Hassan,writing,0.763,2.0
260,8.67,Muneeb,hand_raising,0.652,2.0
260,8.67,Asrar,writing,0.602,2.0
260,8.67,Yasir,mobile_use,0.491,0.7
260,8.67,Rizwan,looking_board,0.327,1.6
261,8.7,Unknown,sleeping,0.989,2.0
261,8.7,Hassan,writing,0.942,2.0
261,8.7,Muneeb,hand_raising,0.826,2.0
261,8.7,Hassan,writing,0.775,2.0
261,8.7,Asrar,writing,0.676,2.0
261,8.7,Yasir,mobile_use,0.598,0.7
261,8.7,Hassan,writing,0.552,2.0
261,8.7,Rizwan,looking_board,0.345,1.6
262,8.73,Unknown,sleeping,0.989,2.0
262,8.73,Hassan,writing,0.943,2.0
262,8.73,Hassan,writing,0.787,2.0
262,8.73,Asrar,writing,0.739,2.0
262,8.73,Muneeb,hand_raising,0.716,2.0
262,8.73,Yasir,mobile_use,0.61,0.7
262,8.73,Hassan,writing,0.456,2.0
262,8.73,Rizwan,looking_board,0.414,1.6
263,8.77,Unknown,sleeping,0.99,2.0
263,8.77,Hassan,writing,0.943,2.0
263,8.77,Muneeb,hand_raising,0.748,2.0
263,8.77,Hassan,writing,0.741,2.0
263,8.77,Asrar,writing,0.735,2.0
263,8.77,Rizwan,looking_board,0.444,1.7
263,8.77,Yasir,mobile_use,0.336,0.8
264,8.8,Unknown,sleeping,0.989,2.0
264,8.8,Hassan,reading,0.951,2.0
264,8.8,Muneeb,hand_raising,0.78,2.0
264,8.8,Hassan,reading,0.735,2.0
264,8.8,Asrar,writing,0.611,2.0
264,8.8,Yasir,mobile_use,0.575,0.8
264,8.8,Rizwan,looking_board,0.403,1.7
264,8.8,Hassan,reading,0.298,2.0
265,8.83,Unknown,sleeping,0.988,2.0
265,8.83,Hassan,reading,0.954,1.5
265,8.83,Muneeb,hand_raising,0.853,2.0
265,8.83,Hassan,reading,0.743,1.5
265,8.83,Asrar,writing,0.525,2.0
265,8.83,Hassan,reading,0.469,1.5
265,8.83,Yasir,mobile_use,0.445,0.8
265,8.83,Rizwan,looking_board,0.348,1.7
266,8.87,Unknown,sleeping,0.984,2.0
266,8.87,Hassan,reading,0.957,1.5
266,8.87,Muneeb,hand_raising,0.915,2.0
266,8.87,Hassan,reading,0.729,1.5
266,8.87,Hassan,reading,0.58,1.5
266,8.87,Asrar,writing,0.513,2.0
266,8.87,Yasir,mobile_use,0.323,0.9
266,8.87,Rizwan,looking_board,0.301,1.8
267,8.9,Unknown,sleeping,0.983,2.0
267,8.9,Muneeb,hand_raising,0.951,2.0
267,8.9,Hassan,reading,0.95,1.6
267,8.9,Hassan,reading,0.687,1.6
267,8.9,Hassan,reading,0.586,1.6
267,8.9,Rizwan,looking_board,0.388,1.8
267,8.9,Yasir,mobile_use,0.286,0.9
268,8.93,Unknown,sleeping,0.98,2.0
268,8.93,Hassan,reading,0.951,1.6
268,8.93,Muneeb,hand_raising,0.885,2.0
268,8.93,Asrar,writing,0.647,2.0
268,8.93,Hassan,reading,0.622,1.6
268,8.93,Rizwan,looking_board,0.499,1.8
268,8.93,Yasir,mobile_use,0.374,0.9
269,8.97,Unknown,sleeping,0.983,2.0
269,8.97,Hassan,reading,0.939,1.6
269,8.97,Muneeb,hand_raising,0.854,2.0
269,8.97,Asrar,writing,0.621,2.0
269,8.97,Hassan,reading,0.604,1.6
269,8.97,Yasir,mobile_use,0.584,1.0
269,8.97,Rizwan,looking_board,0.551,1.9
270,9.0,Unknown,sleeping,0.979,2.0
270,9.0,Hassan,reading,0.948,1.7
270,9.0,Muneeb,hand_raising,0.839,2.0
270,9.0,Rizwan,looking_board,0.592,1.9
270,9.0,Hassan,reading,0.534,1.7
270,9.0,Yasir,mobile_use,0.508,1.0
270,9.0,Asrar,writing,0.419,2.0
271,9.03,Unknown,sleeping,0.979,2.0
271,9.03,Hassan,reading,0.94,1.7
271,9.03,Muneeb,hand_raising,0.872,2.0
271,9.03,Hassan,reading,0.661,1.7
271,9.03,Rizwan,looking_board,0.635,1.9
271,9.03,Yasir,mobile_use,0.583,1.0
271,9.03,Asrar,writing,0.39,2.0
272,9.07,Unknown,sleeping,0.977,2.0
272,9.07,Hassan,reading,0.945,1.7
272,9.07,Yasir,mobile_use,0.64,1.1
272,9.07,Hassan,reading,0.625,1.7
272,9.07,Muneeb,hand_raising,0.597,2.0
272,9.07,Rizwan,looking_board,0.572,2.0
272,9.07,Asrar,writing,0.387,2.0
273,9.1,Unknown,sleeping,0.971,2.0
273,9.1,Hassan,reading,0.931,1.8
273,9.1,Hassan,reading,0.614,1.8
273,9.1,Rizwan,looking_board,0.544,2.0
273,9.1,Muneeb,hand_raising,0.519,2.0
273,9.1,Asrar,writing,0.36,2.0
273,9.1,Yasir,mobile_use,0.275,1.1
274,9.13,Unknown,sleeping,0.972,2.0
274,9.13,Hassan,reading,0.928,1.8
274,9.13,Asrar,writing,0.866,2.0
274,9.13,Hassan,reading,0.631,1.8
274,9.13,Rizwan,looking_board,0.541,2.0
274,9.13,Muneeb,hand_raising,0.466,2.0
274,9.13,Yasir,mobile_use,0.289,1.1
275,9.17,Unknown,sleeping,0.975,2.0
275,9.17,Asrar,writing,0.968,2.0
275,9.17,Hassan,reading,0.932,1.8
275,9.17,Hassan,reading,0.61,1.8
275,9.17,Rizwan,looking_board,0.551,2.0
275,9.17,Asrar,looking_board,0.393,0.7
275,9.17,Yasir,mobile_use,0.268,1.2
276,9.2,Unknown,sleeping,0.974,2.0
276,9.2,Hassan,reading,0.944,1.9
276,9.2,Asrar,looking_board,0.94,0.8
276,9.2,Hassan,reading,0.61,1.9
276,9.2,Rizwan,looking_board,0.579,2.0
276,9.2,Asrar,looking_board,0.345,0.8
276,9.2,Yasir,mobile_use,0.287,1.2
277,9.23,Asrar,looking_board,0.985,0.8
277,9.23,Unknown,sleeping,0.974,2.0
277,9.23,Hassan,reading,0.949,1.9
277,9.23,Hassan,reading,0.543,1.9
277,9.23,Rizwan,looking_board,0.534,2.0
277,9.23,Asrar,looking_board,0.35,0.8
277,9.23,Yasir,mobile_use,0.311,1.2
278,9.27,Asrar,looking_board,0.985,0.8
278,9.27,Unknown,sleeping,0.969,2.0
278,9.27,Hassan,reading,0.944,1.9
278,9.27,Hassan,reading,0.517,1.9
278,9.27,Rizwan,looking_board,0.51,2.0
278,9.27,Asrar,looking_board,0.374,0.8
278,9.27,Yasir,mobile_use,0.321,1.3
278,9.27,Yasir,mobile_use,0.265,1.3
279,9.3,Asrar,looking_board,0.991,0.9
279,9.3,Unknown,sleeping,0.969,2.0
279,9.3,Hassan,reading,0.95,2.0
279,9.3,Hassan,reading,0.599,2.0
279,9.3,Rizwan,looking_board,0.585,2.0
279,9.3,Yasir,mobile_use,0.36,1.3
279,9.3,Yasir,mobile_use,0.317,1.3
280,9.33,Asrar,looking_board,0.989,0.9
280,9.33,Unknown,sleeping,0.96,2.0
280,9.33,Hassan,reading,0.933,2.0
280,9.33,Rizwan,looking_board,0.572,2.0
280,9.33,Hassan,reading,0.558,2.0
280,9.33,Yasir,mobile_use,0.351,1.3
280,9.33,Yasir,mobile_use,0.35,1.3
281,9.37,Asrar,looking_board,0.99,0.9
281,9.37,Unknown,sleeping,0.969,2.0
281,9.37,Hassan,reading,0.931,2.0
281,9.37,Hassan,reading,0.592,2.0
281,9.37,Rizwan,looking_board,0.509,2.0
281,9.37,Yasir,mobile_use,0.384,1.4
281,9.37,Yasir,mobile_use,0.321,1.4
282,9.4,Asrar,looking_board,0.987,1.0
282,9.4,Unknown,sleeping,0.958,2.0
282,9.4,Hassan,reading,0.926,2.0
282,9.4,Hassan,reading,0.624,2.0
282,9.4,Rizwan,looking_board,0.564,2.0
282,9.4,Yasir,mobile_use,0.524,1.4
282,9.4,Yasir,mobile_use,0.332,1.4
283,9.43,Asrar,looking_board,0.987,1.0
283,9.43,Unknown,sleeping,0.968,2.0
283,9.43,Hassan,reading,0.922,2.0
283,9.43,Hassan,reading,0.657,2.0
283,9.43,Rizwan,looking_board,0.635,2.0
283,9.43,Yasir,mobile_use,0.504,1.4
284,9.47,Asrar,looking_board,0.988,1.0
284,9.47,Unknown,sleeping,0.962,2.0
284,9.47,Hassan,reading,0.936,2.0
284,9.47,Rizwan,looking_board,0.692,2.0
284,9.47,Muneeb,hand_raising,0.538,2.0
284,9.47,Hassan,reading,0.536,2.0
284,9.47,Yasir,mobile_use,0.509,1.5
285,9.5,Asrar,looking_board,0.985,1.1
285,9.5,Unknown,sleeping,0.976,2.0
285,9.5,Hassan,reading,0.944,2.0
285,9.5,Rizwan,looking_board,0.706,2.0
285,9.5,Asrar,looking_board,0.705,1.1
285,9.5,Hassan,reading,0.606,2.0
285,9.5,Yasir,mobile_use,0.53,1.5
286,9.53,Asrar,looking_board,0.987,1.1
286,9.53,Unknown,sleeping,0.976,2.0
286,9.53,Hassan,reading,0.943,2.0
286,9.53,Rizwan,looking_board,0.651,2.0
286,9.53,Yasir,mobile_use,0.625,1.5
286,9.53,Asrar,looking_board,0.607,1.1
286,9.53,Hassan,reading,0.547,2.0
286,9.53,Unknown,writing,0.485,0.5
287,9.57,Asrar,looking_board,0.987,1.1
287,9.57,Unknown,sleeping,0.978,2.0
287,9.57,Hassan,reading,0.947,2.0
287,9.57,Rizwan,looking_board,0.754,2.0
287,9.57,Yasir,mobile_use,0.726,1.6
287,9.57,Unknown,writing,0.714,0.5
287,9.57,Hassan,reading,0.499,2.0
287,9.57,Asrar,looking_board,0.336,1.1
288,9.6,Asrar,looking_board,0.987,1.2
288,9.6,Unknown,sleeping,0.979,2.0
288,9.6,Hassan,reading,0.937,2.0
288,9.6,Unknown,writing,0.832,0.6
288,9.6,Rizwan,looking_board,0.735,2.0
288,9.6,Yasir,mobile_use,0.692,1.6
288,9.6,Hassan,reading,0.409,2.0
288,9.6,Asrar,looking_board,0.294,1.2
289,9.63,Asrar,looking_board,0.987,1.2
289,9.63,Unknown,sleeping,0.977,2.0
289,9.63,Hassan,reading,0.939,2.0
289,9.63,Unknown,writing,0.889,0.6
289,9.63,Yasir,mobile_use,0.788,1.6
289,9.63,Rizwan,looking_board,0.579,2.0
289,9.63,Asrar,looking_board,0.43,1.2
289,9.63,Hassan,reading,0.414,2.0
290,9.67,Asrar,looking_board,0.987,1.2
290,9.67,Unknown,sleeping,0.976,2.0
290,9.67,Hassan,reading,0.935,2.0
290,9.67,Unknown,writing,0.923,0.6
290,9.67,Yasir,mobile_use,0.772,1.7
290,9.67,Rizwan,looking_board,0.693,2.0
290,9.67,Hassan,reading,0.506,2.0
290,9.67,Asrar,looking_board,0.354,1.2
291,9.7,Asrar,looking_board,0.988,1.3
291,9.7,Unknown,sleeping,0.972,2.0
291,9.7,Hassan,reading,0.936,2.0
291,9.7,Unknown,writing,0.933,0.7
291,9.7,Yasir,mobile_use,0.788,1.7
291,9.7,Hassan,reading,0.582,2.0
291,9.7,Rizwan,looking_board,0.322,2.0
291,9.7,Asrar,looking_board,0.277,1.3
292,9.73,Asrar,looking_board,0.987,1.3
292,9.73,Unknown,sleeping,0.971,2.0
292,9.73,Hassan,reading,0.934,2.0
292,9.73,Unknown,writing,0.933,0.7
292,9.73,Yasir,mobile_use,0.822,1.7
292,9.73,Hassan,reading,0.676,2.0
292,9.73,Rizwan,looking_board,0.569,2.0
292,9.73,Asrar,looking_board,0.385,1.3
293,9.77,Asrar,hand_raising,0.988,1.4
293,9.77,Unknown,sleeping,0.968,2.0
293,9.77,Hassan,reading,0.935,2.0
293,9.77,Unknown,writing,0.92,0.7
293,9.77,Yasir,mobile_use,0.726,1.8
293,9.77,Rizwan,looking_board,0.578,2.0
293,9.77,Hassan,reading,0.569,2.0
293,9.77,Asrar,hand_raising,0.307,1.4
294,9.8,Asrar,hand_raising,0.988,1.4
294,9.8,Unknown,sleeping,0.967,2.0
294,9.8,Unknown,writing,0.939,0.8
294,9.8,Hassan,reading,0.928,2.0
294,9.8,Yasir,mobile_use,0.716,1.8
294,9.8,Hassan,reading,0.592,2.0
294,9.8,Rizwan,looking_board,0.494,2.0
294,9.8,Asrar,hand_raising,0.417,1.4
295,9.83,Asrar,hand_raising,0.987,1.5
295,9.83,Unknown,sleeping,0.962,2.0
295,9.83,Unknown,writing,0.947,0.8
295,9.83,Hassan,reading,0.926,2.0
295,9.83,Yasir,mobile_use,0.777,1.8
295,9.83,Hassan,reading,0.699,2.0
295,9.83,Rizwan,looking_board,0.527,2.0
295,9.83,Asrar,hand_raising,0.502,1.5
296,9.87,Asrar,hand_raising,0.988,1.5
296,9.87,Unknown,sleeping,0.962,2.0
296,9.87,Unknown,writing,0.951,0.8
296,9.87,Hassan,reading,0.935,2.0
296,9.87,Yasir,mobile_use,0.788,1.9
296,9.87,Hassan,reading,0.746,2.0
296,9.87,Asrar,hand_raising,0.502,1.5
296,9.87,Rizwan,looking_board,0.498,2.0
297,9.9,Asrar,hand_raising,0.989,1.5
297,9.9,Unknown,sleeping,0.965,2.0
297,9.9,Unknown,writing,0.952,0.9
297,9.9,Hassan,reading,0.936,2.0
297,9.9,Yasir,mobile_use,0.752,1.9
297,9.9,Hassan,reading,0.731,2.0
297,9.9,Asrar,hand_raising,0.424,1.5
297,9.9,Rizwan,looking_board,0.384,2.0
297,9.9,Muneeb,hand_raising,0.288,2.0
298,9.93,Asrar,hand_raising,0.99,1.6
298,9.93,Unknown,sleeping,0.968,2.0
298,9.93,Unknown,writing,0.957,0.9
298,9.93,Hassan,reading,0.945,2.0
298,9.93,Hassan,reading,0.787,2.0
298,9.93,Yasir,mobile_use,0.768,1.9
298,9.93,Rizwan,looking_away,0.433,1.8
298,9.93,Muneeb,hand_raising,0.37,2.0
298,9.93,Asrar,hand_raising,0.358,1.6
299,9.97,Asrar,hand_raising,0.992,1.6
299,9.97,Unknown,sleeping,0.967,2.0
299,9.97,Unknown,writing,0.955,0.9
299,9.97,Hassan,reading,0.947,2.0
299,9.97,Yasir,mobile_use,0.676,2.0
299,9.97,Muneeb,hand_raising,0.42,2.0
299,9.97,Rizwan,looking_away,0.407,1.8
299,9.97,Asrar,hand_raising,0.367,1.6
299,9.97,Hassan,reading,0.285,2.0
300,10.0,Asrar,hand_raising,0.984,1.6
300,10.0,Unknown,sleeping,0.97,2.0
300,10.0,Hassan,reading,0.947,2.0
300,10.0,Yasir,mobile_use,0.633,2.0
300,10.0,Hassan,reading,0.578,2.0
300,10.0,Muneeb,hand_raising,0.471,2.0
300,10.0,Asrar,hand_raising,0.322,1.6
300,10.0,Rizwan,looking_away,0.307,1.9
301,10.03,Unknown,sleeping,0.97,2.0
301,10.03,Asrar,hand_raising,0.968,1.7
301,10.03,Hassan,reading,0.943,2.0
301,10.03,Yasir,mobile_use,0.776,2.0
301,10.03,Hassan,reading,0.58,2.0
301,10.03,Muneeb,hand_raising,0.406,2.0
301,10.03,Rizwan,looking_away,0.394,1.9
302,10.07,Unknown,sleeping,0.965,2.0
302,10.07,Hassan,reading,0.945,2.0
302,10.07,Asrar,hand_raising,0.901,1.7
302,10.07,Yasir,looking_away,0.83,1.3
302,10.07,Hassan,reading,0.739,2.0
302,10.07,Muneeb,hand_raising,0.451,2.0
302,10.07,Rizwan,looking_away,0.364,1.9
302,10.07,Asrar,hand_raising,0.318,1.7
303,10.1,Unknown,sleeping,0.957,2.0
303,10.1,Hassan,reading,0.94,2.0
303,10.1,Yasir,looking_away,0.875,1.3
303,10.1,Hassan,reading,0.661,2.0
303,10.1,Asrar,hand_raising,0.509,1.7
303,10.1,Rizwan,looking_away,0.475,2.0
303,10.1,Asrar,hand_raising,0.39,1.7
304,10.13,Hassan,reading,0.923,2.0
304,10.13,Yasir,looking_away,0.822,1.4
304,10.13,Hassan,reading,0.546,2.0
304,10.13,Asrar,hand_raising,0.489,1.8
304,10.13,Rizwan,looking_away,0.431,2.0
305,10.17,Hassan,reading,0.93,2.0
305,10.17,Yasir,looking_away,0.8,1.4
305,10.17,Hassan,reading,0.755,2.0
305,10.17,Asrar,hand_raising,0.585,1.8
305,10.17,Rizwan,looking_away,0.387,2.0
305,10.17,Asrar,hand_raising,0.27,1.8
306,10.2,Unknown,sleeping,0.945,2.0
306,10.2,Hassan,reading,0.921,2.0
306,10.2,Hassan,reading,0.814,2.0
306,10.2,Yasir,looking_away,0.64,1.4
306,10.2,Asrar,hand_raising,0.58,1.8
306,10.2,Muneeb,hand_raising,0.511,2.0
306,10.2,Rizwan,looking_away,0.418,2.0
306,10.2,Asrar,hand_raising,0.403,1.8
307,10.23,Unknown,sleeping,0.937,2.0
307,10.23,Hassan,reading,0.912,2.0
307,10.23,Hassan,reading,0.8,2.0
307,10.23,Yasir,looking_away,0.629,1.5
307,10.23,Asrar,hand_raising,0.573,1.9
307,10.23,Rizwan,looking_away,0.541,2.0
307,10.23,Asrar,hand_raising,0.328,1.9
308,10.27,Unknown,sleeping,0.946,2.0
308,10.27,Hassan,reading,0.893,2.0
308,10.27,Hassan,reading,0.826,2.0
308,10.27,Yasir,looking_away,0.681,1.5
308,10.27,Asrar,hand_raising,0.553,1.9
308,10.27,Rizwan,looking_away,0.261,2.0
309,10.3,Unknown,sleeping,0.914,2.0
309,10.3,Hassan,reading,0.852,2.0
309,10.3,Hassan,reading,0.76,2.0
309,10.3,Yasir,looking_away,0.716,1.5
309,10.3,Asrar,hand_raising,0.429,1.9
309,10.3,Rizwan,looking_away,0.409,2.0
309,10.3,Asrar,hand_raising,0.28,1.9
310,10.33,Hassan,reading,0.884,2.0
310,10.33,Unknown,sleeping,0.848,2.0
310,10.33,Hassan,reading,0.754,2.0
310,10.33,Yasir,looking_away,0.713,1.6
310,10.33,Asrar,hand_raising,0.541,2.0
310,10.33,Rizwan,looking_away,0.415,2.0
311,10.37,Hassan,reading,0.829,2.0
311,10.37,Hassan,reading,0.683,2.0
311,10.37,Yasir,looking_away,0.6,1.6
311,10.37,Rizwan,looking_away,0.593,2.0
311,10.37,Unknown,sleeping,0.431,2.0
311,10.37,Muneeb,hand_raising,0.372,1.9
311,10.37,Yasir,looking_away,0.371,1.6
311,10.37,Asrar,hand_raising,0.359,2.0
311,10.37,Asrar,hand_raising,0.302,2.0
312,10.4,Unknown,sleeping,0.915,2.0
312,10.4,Hassan,reading,0.827,2.0
312,10.4,Rizwan,looking_away,0.619,2.0
312,10.4,Hassan,reading,0.605,2.0
312,10.4,Asrar,hand_raising,0.554,2.0
312,10.4,Yasir,looking_away,0.549,1.6
312,10.4,Yasir,looking_away,0.405,1.6
312,10.4,Asrar,hand_raising,0.385,2.0
312,10.4,Muneeb,hand_raising,0.29,2.0
313,10.43,Unknown,sleeping,0.949,2.0
313,10.43,Hassan,reading,0.812,2.0
313,10.43,Hassan,reading,0.694,2.0
313,10.43,Rizwan,looking_away,0.689,2.0
313,10.43,Asrar,hand_raising,0.635,1.3
313,10.43,Yasir,looking_away,0.408,1.7
313,10.43,Muneeb,hand_raising,0.313,2.0
313,10.43,Asrar,hand_raising,0.281,1.3
313,10.43,Yasir,looking_away,0.265,1.7
314,10.47,Unknown,sleeping,0.956,2.0
314,10.47,Rizwan,looking_away,0.742,2.0
314,10.47,Hassan,reading,0.674,2.0
314,10.47,Hassan,reading,0.661,2.0
314,10.47,Asrar,hand_raising,0.589,1.4
314,10.47,Asrar,hand_raising,0.263,1.4
315,10.5,Unknown,sleeping,0.958,2.0
315,10.5,Hashim,writing,0.937,0.5
315,10.5,Hassan,reading,0.877,2.0
315,10.5,Hassan,reading,0.713,2.0
315,10.5,Asrar,hand_raising,0.66,1.4
315,10.5,Rizwan,looking_away,0.596,2.0
315,10.5,Yasir,looking_away,0.342,1.7
315,10.5,Muneeb,hand_raising,0.27,2.0
316,10.53,Unknown,sleeping,0.968,2.0
316,10.53,Hashim,writing,0.958,0.5
316,10.53,Hassan,reading,0.902,2.0
316,10.53,Hassan,reading,0.774,2.0
316,10.53,Asrar,hand_raising,0.578,1.4
316,10.53,Yasir,looking_away,0.557,1.8
316,10.53,Rizwan,looking_away,0.512,1.3
316,10.53,Yasir,looking_away,0.374,1.8
316,10.53,Muneeb,hand_raising,0.281,2.0
317,10.57,Unknown,sleeping,0.97,2.0
317,10.57,Hashim,writing,0.954,0.6
317,10.57,Hassan,reading,0.901,2.0
317,10.57,Hassan,reading,0.785,2.0
317,10.57,Rizwan,looking_away,0.567,1.4
317,10.57,Yasir,looking_away,0.502,1.8
317,10.57,Asrar,hand_raising,0.469,1.5
317,10.57,Yasir,looking_away,0.407,1.8
317,10.57,Muneeb,hand_raising,0.299,2.0
318,10.6,Hashim,writing,0.967,0.6
318,10.6,Unknown,sleeping,0.958,2.0
318,10.6,Hassan,reading,0.868,2.0
318,10.6,Hassan,reading,0.747,2.0
318,10.6,Rizwan,looking_away,0.468,1.4
318,10.6,Yasir,looking_away,0.435,1.8
318,10.6,Asrar,hand_raising,0.435,1.5
318,10.6,Muneeb,looking_away,0.348,1.6
318,10.6,Asrar,hand_raising,0.328,1.5
318,10.6,Yasir,looking_away,0.316,1.8
319,10.63,Hashim,writing,0.955,0.6
319,10.63,Unknown,sleeping,0.95,2.0
319,10.63,Hassan,reading,0.854,2.0
319,10.63,Hassan,reading,0.67,2.0
319,10.63,Rizwan,looking_away,0.49,1.4
319,10.63,Asrar,hand_raising,0.38,1.5
319,10.63,Muneeb,looking_away,0.374,1.7
319,10.63,Yasir,looking_away,0.328,1.9
319,10.63,Yasir,looking_away,0.314,1.9
319,10.63,Asrar,hand_raising,0.296,1.5
320,10.67,Unknown,sleeping,0.956,2.0
320,10.67,Hashim,writing,0.941,0.7
320,10.67,Hassan,reading,0.868,2.0
320,10.67,Hassan,reading,0.763,2.0
320,10.67,Rizwan,looking_away,0.53,1.5
320,10.67,Asrar,hand_raising,0.365,1.6
320,10.67,Muneeb,looking_away,0.331,1.7
320,10.67,Yasir,looking_away,0.321,1.9
320,10.67,Asrar,hand_raising,0.297,1.6
320,10.67,Yasir,looking_away,0.26,1.9
321,10.7,Hashim,writing,0.958,0.7
321,10.7,Unknown,sleeping,0.957,2.0
321,10.7,Hassan,reading,0.864,2.0
321,10.7,Hassan,reading,0.739,2.0
321,10.7,Rizwan,looking_away,0.55,1.5
321,10.7,Asrar,hand_raising,0.374,1.6
321,10.7,Muneeb,looking_away,0.342,1.7
321,10.7,Yasir,looking_away,0.283,1.9
321,10.7,Yasir,looking_away,0.27,1.9
322,10.73,Unknown,sleeping,0.962,2.0
322,10.73,Hashim,writing,0.959,0.7
322,10.73,Hassan,reading,0.848,2.0
322,10.73,Hassan,reading,0.758,2.0
322,10.73,Rizwan,looking_away,0.542,1.5
322,10.73,Muneeb,looking_away,0.446,1.8
322,10.73,Asrar,hand_raising,0.321,1.6
322,10.73,Yasir,looking_away,0.287,2.0
323,10.77,Unknown,sleeping,0.96,2.0
323,10.77,Hashim,writing,0.951,0.8
323,10.77,Hassan,reading,0.862,2.0
323,10.77,Hassan,reading,0.74,2.0
323,10.77,Rizwan,looking_away,0.515,1.6
323,10.77,Muneeb,looking_away,0.47,1.8
323,10.77,Asrar,hand_raising,0.28,1.7
324,10.8,Unknown,sleeping,0.968,2.0
324,10.8,Hashim,writing,0.943,0.8
324,10.8,Hassan,reading,0.858,2.0
324,10.8,Hassan,reading,0.674,2.0
324,10.8,Rizwan,looking_away,0.525,1.6
324,10.8,Muneeb,looking_away,0.46,1.8
324,10.8,Yasir,looking_away,0.333,1.7
325,10.83,Unknown,sleeping,0.973,2.0
325,10.83,Hashim,writing,0.943,0.8
325,10.83,Hassan,reading,0.88,2.0
325,10.83,Hassan,reading,0.616,2.0
325,10.83,Asrar,hand_raising,0.524,1.7
325,10.83,Rizwan,looking_away,0.509,1.6
325,10.83,Yasir,looking_away,0.311,1.7
326,10.87,Unknown,sleeping,0.973,2.0
326,10.87,Hashim,writing,0.951,0.9
326,10.87,Hassan,reading,0.871,2.0
326,10.87,Asrar,hand_raising,0.587,1.8
326,10.87,Rizwan,looking_away,0.536,1.7
326,10.87,Yasir,looking_away,0.357,1.8
326,10.87,Hassan,reading,0.356,2.0
327,10.9,Unknown,sleeping,0.973,2.0
327,10.9,Hashim,writing,0.935,0.9
327,10.9,Hassan,reading,0.886,2.0
327,10.9,Muneeb,looking_away,0.578,1.9
327,10.9,Yasir,looking_away,0.568,1.8
327,10.9,Rizwan,looking_away,0.514,1.7
327,10.9,Hassan,reading,0.448,2.0
327,10.9,Asrar,hand_raising,0.28,1.8
328,10.93,Unknown,sleeping,0.975,2.0
328,10.93,Hashim,writing,0.929,0.9
328,10.93,Hassan,reading,0.897,2.0
328,10.93,Rizwan,looking_away,0.627,1.7
328,10.93,Yasir,looking_away,0.623,1.8
328,10.93,Muneeb,looking_away,0.44,2.0
328,10.93,Hassan,reading,0.344,2.0
328,10.93,Asrar,hand_raising,0.268,1.8
329,10.97,Unknown,sleeping,0.973,2.0
329,10.97,Hashim,writing,0.926,1.0
329,10.97,Hassan,reading,0.889,2.0
329,10.97,Yasir,looking_away,0.64,1.9
329,10.97,Rizwan,looking_away,0.587,1.8
329,10.97,Muneeb,looking_away,0.384,2.0
329,10.97,Hassan,reading,0.377,2.0
329,10.97,Asrar,hand_raising,0.284,1.9
330,11.0,Unknown,sleeping,0.973,2.0
330,11.0,Hashim,writing,0.927,1.0
330,11.0,Hassan,reading,0.903,2.0
330,11.0,Yasir,looking_away,0.689,1.9
330,11.0,Rizwan,looking_away,0.515,1.8
330,11.0,Hassan,reading,0.444,2.0
330,11.0,Muneeb,looking_away,0.333,2.0
330,11.0,Asrar,hand_raising,0.293,1.9
331,11.03,Unknown,sleeping,0.97,2.0
331,11.03,Hashim,writing,0.932,1.0
331,11.03,Hassan,reading,0.908,2.0
331,11.03,Yasir,looking_away,0.726,1.9
331,11.03,Rizwan,looking_away,0.51,1.8
331,11.03,Hassan,reading,0.466,2.0
331,11.03,Muneeb,looking_away,0.265,2.0
331,11.03,Asrar,hand_raising,0.25,1.9
332,11.07,Unknown,sleeping,0.968,2.0
332,11.07,Hashim,writing,0.932,1.1
332,11.07,Hassan,reading,0.915,2.0
332,11.07,Yasir,looking_away,0.833,2.0
332,11.07,Hassan,reading,0.506,2.0
332,11.07,Rizwan,looking_away,0.478,1.9
332,11.07,Muneeb,looking_away,0.395,2.0
332,11.07,Asrar,hand_raising,0.311,2.0
332,11.07,Asrar,reading,0.293,1.6
333,11.1,Unknown,sleeping,0.97,2.0
333,11.1,Hashim,writing,0.923,1.1
333,11.1,Hassan,reading,0.912,2.0
333,11.1,Yasir,looking_away,0.868,2.0
333,11.1,Rizwan,looking_away,0.642,1.9
333,11.1,Muneeb,looking_away,0.466,2.0
333,11.1,Hassan,reading,0.438,2.0
333,11.1,Asrar,reading,0.278,1.6
334,11.13,Unknown,sleeping,0.977,2.0
334,11.13,Hassan,reading,0.91,2.0
334,11.13,Hashim,writing,0.896,1.1
334,11.13,Yasir,looking_away,0.678,2.0
334,11.13,Rizwan,looking_away,0.654,1.9
334,11.13,Hassan,reading,0.348,2.0
335,11.17,Unknown,sleeping,0.971,2.0
335,11.17,Hassan,reading,0.919,2.0
335,11.17,Hassan,reading,0.894,2.0
335,11.17,Rizwan,looking_away,0.67,2.0
335,11.17,Yasir,looking_away,0.647,2.0
335,11.17,Hassan,reading,0.377,2.0
336,11.2,Unknown,sleeping,0.969,2.0
336,11.2,Hassan,reading,0.912,2.0
336,11.2,Hassan,reading,0.883,2.0
336,11.2,Yasir,looking_away,0.689,2.0
336,11.2,Rizwan,looking_away,0.622,2.0
336,11.2,Hassan,reading,0.391,2.0
336,11.2,Muneeb,looking_away,0.267,1.3
336,11.2,Asrar,reading,0.255,1.7
337,11.23,Unknown,sleeping,0.962,2.0
337,11.23,Hassan,reading,0.915,2.0
337,11.23,Hassan,reading,0.832,2.0
337,11.23,Yasir,looking_away,0.757,2.0
337,11.23,Rizwan,looking_away,0.559,2.0
337,11.23,Hassan,reading,0.418,2.0
337,11.23,Muneeb,looking_away,0.33,1.3
337,11.23,Asrar,reading,0.298,1.7
338,11.27,Unknown,sleeping,0.961,2.0
338,11.27,Hassan,reading,0.917,2.0
338,11.27,Yasir,looking_away,0.699,2.0
338,11.27,Rizwan,looking_away,0.616,2.0
338,11.27,Hassan,reading,0.403,2.0
338,11.27,Asrar,reading,0.314,1.8
338,11.27,Muneeb,looking_away,0.303,1.4
339,11.3,Unknown,sleeping,0.956,2.0
339,11.3,Hassan,reading,0.908,2.0
339,11.3,Hassan,reading,0.842,2.0
339,11.3,Yasir,looking_away,0.672,2.0
339,11.3,Rizwan,looking_away,0.616,2.0
339,11.3,Hassan,reading,0.422,2.0
339,11.3,Asrar,reading,0.408,1.8
339,11.3,Muneeb,looking_away,0.379,1.4
340,11.33,Unknown,sleeping,0.956,2.0
340,11.33,Hassan,reading,0.909,2.0
340,11.33,Hassan,reading,0.85,2.0
340,11.33,Yasir,looking_away,0.673,2.0
340,11.33,Muneeb,looking_away,0.66,1.4
340,11.33,Rizwan,looking_away,0.569,2.0
340,11.33,Hassan,reading,0.496,2.0
340,11.33,Asrar,reading,0.413,1.8
341,11.37,Unknown,sleeping,0.964,2.0
341,11.37,Hassan,reading,0.898,2.0
341,11.37,Hassan,reading,0.855,2.0
341,11.37,Yasir,looking_away,0.663,2.0
341,11.37,Muneeb,looking_away,0.649,1.5
341,11.37,Hassan,reading,0.575,2.0
341,11.37,Rizwan,looking_away,0.543,2.0
341,11.37,Asrar,reading,0.456,1.9
342,11.4,Unknown,sleeping,0.959,2.0
342,11.4,Hassan,reading,0.915,2.0
342,11.4,Hassan,reading,0.848,2.0
342,11.4,Yasir,looking_away,0.656,2.0
342,11.4,Muneeb,looking_away,0.594,1.5
342,11.4,Hassan,reading,0.555,2.0
342,11.4,Rizwan,looking_away,0.515,2.0
342,11.4,Asrar,reading,0.46,1.9
343,11.43,Unknown,sleeping,0.963,2.0
343,11.43,Hassan,reading,0.917,2.0
343,11.43,Hassan,reading,0.869,2.0
343,11.43,Yasir,looking_away,0.641,2.0
343,11.43,Muneeb,looking_away,0.554,1.5
343,11.43,Hassan,reading,0.513,2.0
343,11.43,Rizwan,looking_away,0.484,2.0
343,11.43,Asrar,reading,0.412,1.9
344,11.47,Unknown,sleeping,0.959,2.0
344,11.47,Hassan,reading,0.918,2.0
344,11.47,Hassan,reading,0.845,2.0
344,11.47,Yasir,looking_away,0.659,2.0
344,11.47,Hassan,reading,0.518,2.0
344,11.47,Rizwan,looking_away,0.49,2.0
344,11.47,Muneeb,looking_away,0.392,1.6
344,11.47,Asrar,reading,0.378,2.0
344,11.47,Asrar,reading,0.269,2.0
345,11.5,Unknown,sleeping,0.951,2.0
345,11.5,Hassan,reading,0.917,2.0
345,11.5,Hassan,reading,0.831,2.0
345,11.5,Yasir,looking_away,0.624,2.0
345,11.5,Hassan,reading,0.507,2.0
345,11.5,Rizwan,looking_away,0.504,2.0
345,11.5,Asrar,reading,0.427,2.0
345,11.5,Muneeb,looking_away,0.405,1.6
345,11.5,Asrar,reading,0.301,2.0
346,11.53,Unknown,sleeping,0.932,2.0
346,11.53,Hassan,reading,0.916,2.0
346,11.53,Hassan,reading,0.802,2.0
346,11.53,Yasir,looking_away,0.634,2.0
346,11.53,Hassan,reading,0.478,2.0
346,11.53,Rizwan,looking_away,0.473,2.0
346,11.53,Asrar,reading,0.434,2.0
346,11.53,Asrar,reading,0.375,2.0
346,11.53,Muneeb,looking_away,0.35,1.6
347,11.57,Unknown,sleeping,0.953,2.0
347,11.57,Hassan,reading,0.912,2.0
347,11.57,Hassan,reading,0.76,2.0
347,11.57,Yasir,looking_away,0.734,2.0
347,11.57,Asrar,reading,0.466,1.9
347,11.57,Rizwan,looking_away,0.428,2.0
347,11.57,Muneeb,looking_away,0.406,1.7
347,11.57,Asrar,reading,0.381,1.9
347,11.57,Hassan,reading,0.309,2.0
348,11.6,Unknown,sleeping,0.971,2.0
348,11.6,Hassan,reading,0.913,2.0
348,11.6,Hassan,reading,0.729,2.0
348,11.6,Yasir,looking_away,0.715,2.0
348,11.6,Rizwan,reading,0.503,1.0
348,11.6,Asrar,reading,0.494,2.0
348,11.6,Asrar,reading,0.417,2.0
348,11.6,Muneeb,looking_away,0.381,1.7
348,11.6,Hassan,reading,0.338,2.0
349,11.63,Unknown,sleeping,0.965,2.0
349,11.63,Hassan,reading,0.922,2.0
349,11.63,Yasir,looking_away,0.724,2.0
349,11.63,Hassan,reading,0.705,2.0
349,11.63,Rizwan,reading,0.479,1.0
349,11.63,Asrar,reading,0.448,2.0
349,11.63,Asrar,reading,0.431,2.0
349,11.63,Hassan,reading,0.384,2.0
349,11.63,Muneeb,looking_away,0.313,1.7
350,11.67,Unknown,sleeping,0.956,2.0
350,11.67,Hassan,reading,0.922,2.0
350,11.67,Hassan,reading,0.756,2.0
350,11.67,Yasir,looking_away,0.678,2.0
350,11.67,Muneeb,looking_away,0.447,1.8
350,11.67,Rizwan,reading,0.432,1.0
350,11.67,Asrar,reading,0.365,2.0
350,11.67,Hassan,reading,0.309,2.0
350,11.67,Muneeb,looking_away,0.293,1.8
351,11.7,Hassan,reading,0.931,2.0
351,11.7,Unknown,sleeping,0.921,2.0
351,11.7,Hassan,reading,0.717,2.0
351,11.7,Yasir,looking_away,0.695,2.0
351,11.7,Muneeb,looking_away,0.465,1.8
351,11.7,Rizwan,reading,0.409,1.1
351,11.7,Hassan,reading,0.378,2.0
351,11.7,Asrar,reading,0.357,2.0
352,11.73,Hassan,reading,0.932,2.0
352,11.73,Unknown,sleeping,0.799,2.0
352,11.73,Yasir,looking_away,0.633,2.0
352,11.73,Muneeb,looking_away,0.521,1.8
352,11.73,Hassan,reading,0.494,2.0
352,11.73,Rizwan,reading,0.38,1.1
352,11.73,Hassan,reading,0.326,2.0
352,11.73,Asrar,reading,0.292,2.0
353,11.77,Hassan,reading,0.934,2.0
353,11.77,Yasir,looking_away,0.543,2.0
353,11.77,Unknown,sleeping,0.435,2.0
353,11.77,Muneeb,looking_away,0.409,1.9
353,11.77,Hassan,reading,0.392,2.0
353,11.77,Rizwan,reading,0.37,1.1
353,11.77,Hassan,reading,0.364,2.0
354,11.8,Hassan,reading,0.93,2.0
354,11.8,Yasir,looking_away,0.635,2.0
354,11.8,Hassan,reading,0.628,2.0
354,11.8,Muneeb,looking_away,0.453,1.9
354,11.8,Hassan,reading,0.405,2.0
354,11.8,Rizwan,reading,0.363,1.2
354,11.8,Unknown,sleeping,0.269,2.0
355,11.83,Hassan,reading,0.929,2.0
355,11.83,Hassan,reading,0.685,2.0
355,11.83,Yasir,looking_away,0.592,2.0
355,11.83,Hassan,reading,0.473,2.0
355,11.83,Hashim,writing,0.453,1.8
355,11.83,Muneeb,looking_away,0.393,1.9
355,11.83,Asrar,reading,0.36,2.0
355,11.83,Unknown,sleeping,0.311,2.0
356,11.87,Hassan,reading,0.929,2.0
356,11.87,Hassan,reading,0.686,2.0
356,11.87,Muneeb,looking_away,0.674,2.0
356,11.87,Yasir,looking_away,0.589,2.0
356,11.87,Hashim,writing,0.487,1.9
356,11.87,Hassan,reading,0.433,2.0
356,11.87,Asrar,reading,0.399,2.0
356,11.87,Unknown,sleeping,0.355,2.0
357,11.9,Hassan,reading,0.925,2.0
357,11.9,Hassan,reading,0.793,2.0
357,11.9,Muneeb,looking_away,0.616,2.0
357,11.9,Yasir,looking_away,0.564,2.0
357,11.9,Hashim,writing,0.474,1.9
357,11.9,Hassan,reading,0.436,2.0
357,11.9,Asrar,reading,0.42,2.0
357,11.9,Unknown,sleeping,0.372,2.0
358,11.93,Hassan,reading,0.923,2.0
358,11.93,Hassan,reading,0.888,2.0
358,11.93,Unknown,sleeping,0.564,2.0
358,11.93,Muneeb,looking_away,0.558,2.0
358,11.93,Hassan,reading,0.519,2.0
358,11.93,Hashim,writing,0.482,1.9
358,11.93,Yasir,looking_away,0.474,2.0
358,11.93,Asrar,reading,0.389,2.0
359,11.97,Hassan,reading,0.916,2.0
359,11.97,Hassan,reading,0.892,2.0
359,11.97,Hassan,reading,0.584,2.0
359,11.97,Yasir,looking_away,0.565,2.0
359,11.97,Hashim,writing,0.495,2.0
359,11.97,Muneeb,looking_away,0.46,1.8
359,11.97,Unknown,sleeping,0.433,2.0
359,11.97,Asrar,reading,0.308,2.0
360,12.0,Hassan,reading,0.915,2.0
360,12.0,Hassan,reading,0.896,2.0
360,12.0,Hassan,reading,0.632,2.0
360,12.0,Hashim,writing,0.546,2.0
360,12.0,Muneeb,looking_away,0.49,1.8
360,12.0,Unknown,sleeping,0.489,2.0
360,12.0,Yasir,looking_away,0.453,2.0
360,12.0,Asrar,reading,0.27,2.0
361,12.03,Hassan,reading,0.906,2.0
361,12.03,Hassan,reading,0.906,2.0
361,12.03,Hassan,reading,0.638,2.0
361,12.03,Hashim,writing,0.509,2.0
361,12.03,Yasir,looking_away,0.46,2.0
361,12.03,Muneeb,looking_away,0.443,1.8
361,12.03,Unknown,sleeping,0.399,2.0
361,12.03,Muneeb,looking_away,0.311,1.8
361,12.03,Asrar,reading,0.285,2.0
362,12.07,Hassan,reading,0.913,2.0
362,12.07,Hassan,reading,0.888,2.0
362,12.07,Hassan,reading,0.648,2.0
362,12.07,Muneeb,looking_away,0.574,1.9
362,12.07,Hashim,writing,0.544,2.0
362,12.07,Yasir,looking_away,0.465,2.0
362,12.07,Muneeb,looking_away,0.425,1.9
362,12.07,Asrar,reading,0.35,2.0
362,12.07,Unknown,sleeping,0.324,2.0
363,12.1,Hassan,reading,0.91,2.0
363,12.1,Hassan,reading,0.892,2.0
363,12.1,Muneeb,looking_away,0.827,1.9
363,12.1,Hashim,writing,0.558,2.0
363,12.1,Hassan,reading,0.528,2.0
363,12.1,Yasir,looking_away,0.476,2.0
363,12.1,Asrar,reading,0.368,2.0
363,12.1,Muneeb,looking_away,0.353,1.9
363,12.1,Unknown,sleeping,0.349,2.0
364,12.13,Hassan,reading,0.883,2.0
364,12.13,Hassan,reading,0.872,2.0
364,12.13,Muneeb,looking_away,0.817,1.9
364,12.13,Hashim,writing,0.582,2.0
364,12.13,Yasir,looking_away,0.535,2.0
364,12.13,Hassan,reading,0.481,2.0
364,12.13,Unknown,sleeping,0.296,1.9
364,12.13,Muneeb,looking_away,0.283,1.9
364,12.13,Asrar,reading,0.262,2.0
365,12.17,Hassan,reading,0.887,2.0
365,12.17,Hassan,reading,0.843,2.0
365,12.17,Muneeb,looking_away,0.704,2.0
365,12.17,Hashim,writing,0.548,2.0
365,12.17,Yasir,looking_away,0.517,2.0
365,12.17,Muneeb,looking_away,0.412,2.0
365,12.17,Hassan,reading,0.344,2.0
365,12.17,Asrar,reading,0.258,2.0
365,12.17,Unknown,sleeping,0.252,2.0
366,12.2,Hassan,reading,0.893,2.0
366,12.2,Hassan,reading,0.713,2.0
366,12.2,Muneeb,looking_away,0.681,2.0
366,12.2,Muneeb,looking_away,0.56,2.0
366,12.2,Hashim,writing,0.552,2.0
366,12.2,Yasir,looking_away,0.501,1.8
366,12.2,Hassan,reading,0.314,2.0
367,12.23,Hassan,reading,0.899,2.0
367,12.23,Muneeb,looking_away,0.779,1.7
367,12.23,Muneeb,looking_away,0.766,1.7
367,12.23,Hassan,reading,0.638,2.0
367,12.23,Yasir,looking_away,0.577,1.9
367,12.23,Hashim,writing,0.507,2.0
368,12.27,Hassan,reading,0.899,2.0
368,12.27,Muneeb,looking_away,0.814,1.7
368,12.27,Muneeb,looking_away,0.81,1.7
368,12.27,Yasir,looking_away,0.629,1.9
368,12.27,Hassan,reading,0.587,2.0
368,12.27,Hashim,writing,0.486,2.0
369,12.3,Hassan,reading,0.894,2.0
369,12.3,Muneeb,looking_away,0.832,1.8
369,12.3,Muneeb,looking_away,0.784,1.8
369,12.3,Yasir,looking_away,0.677,1.9
369,12.3,Hassan,reading,0.613,2.0
369,12.3,Hashim,writing,0.402,2.0
370,12.33,Hassan,reading,0.904,2.0
370,12.33,Muneeb,looking_away,0.835,1.8
370,12.33,Muneeb,looking_away,0.778,1.8
370,12.33,Hassan,reading,0.716,2.0
370,12.33,Yasir,looking_away,0.687,2.0
370,12.33,Hashim,writing,0.423,2.0
370,12.33,Hassan,reading,0.283,2.0
370,12.33,Asrar,reading,0.266,2.0
371,12.37,Hassan,reading,0.903,2.0
371,12.37,Muneeb,looking_away,0.831,1.8
371,12.37,Muneeb,looking_away,0.745,1.8
371,12.37,Yasir,looking_away,0.716,2.0
371,12.37,Hassan,reading,0.618,2.0
371,12.37,Asrar,reading,0.411,2.0
371,12.37,Hashim,writing,0.374,2.0
371,12.37,Hassan,reading,0.282,2.0
372,12.4,Hassan,reading,0.905,2.0
372,12.4,Muneeb,looking_away,0.8,1.9
372,12.4,Muneeb,looking_away,0.698,1.9
372,12.4,Yasir,looking_away,0.644,2.0
372,12.4,Hassan,reading,0.471,2.0
372,12.4,Asrar,reading,0.384,1.8
372,12.4,Hashim,writing,0.382,2.0
372,12.4,Hassan,reading,0.374,2.0
373,12.43,Hassan,reading,0.885,2.0
373,12.43,Muneeb,looking_away,0.698,1.9
373,12.43,Muneeb,looking_away,0.693,1.9
373,12.43,Yasir,looking_away,0.606,2.0
373,12.43,Hassan,reading,0.47,2.0
373,12.43,Hassan,reading,0.424,2.0
373,12.43,Hashim,writing,0.408,2.0
373,12.43,Asrar,reading,0.406,1.8
374,12.47,Hassan,reading,0.876,2.0
374,12.47,Muneeb,looking_away,0.669,1.9
374,12.47,Yasir,looking_away,0.598,1.9
374,12.47,Hassan,reading,0.502,2.0
374,12.47,Hashim,writing,0.387,2.0
374,12.47,Asrar,reading,0.36,1.9
374,12.47,Hassan,reading,0.298,2.0
375,12.5,Hassan,reading,0.869,2.0
375,12.5,Asrar,looking_away,0.719,1.7
375,12.5,Yasir,looking_away,0.693,2.0
375,12.5,Hassan,reading,0.498,2.0
375,12.5,Asrar,looking_away,0.402,1.7
375,12.5,Hashim,writing,0.391,2.0
376,12.53,Hassan,reading,0.865,2.0
376,12.53,Yasir,looking_away,0.578,2.0
376,12.53,Asrar,looking_away,0.501,1.7
376,12.53,Hassan,reading,0.488,2.0
376,12.53,Asrar,looking_away,0.402,1.7
376,12.53,Hashim,reading,0.396,0.7
377,12.57,Hassan,reading,0.872,2.0
377,12.57,Asrar,looking_away,0.622,1.7
377,12.57,Yasir,looking_away,0.524,2.0
377,12.57,Hashim,reading,0.43,0.7
377,12.57,Asrar,looking_away,0.354,1.7
377,12.57,Hassan,reading,0.323,2.0
377,12.57,Unknown,sleeping,0.299,2.0
377,12.57,Hassan,reading,0.28,2.0
378,12.6,Hassan,reading,0.861,2.0
378,12.6,Asrar,looking_away,0.691,1.8
378,12.6,Asrar,looking_away,0.637,1.8
378,12.6,Yasir,looking_away,0.545,2.0
378,12.6,Hashim,reading,0.434,0.8
378,12.6,Hassan,reading,0.289,2.0
378,12.6,Hassan,reading,0.258,2.0
379,12.63,Hassan,reading,0.842,2.0
379,12.63,Asrar,looking_away,0.693,1.8
379,12.63,Asrar,looking_away,0.643,1.8
379,12.63,Yasir,looking_away,0.533,2.0
379,12.63,Hashim,reading,0.377,0.8
379,12.63,Unknown,sleeping,0.311,2.0
379,12.63,Hassan,reading,0.311,2.0
380,12.67,Hassan,reading,0.774,2.0
380,12.67,Asrar,looking_away,0.744,1.8
380,12.67,Asrar,looking_away,0.629,1.8
380,12.67,Yasir,looking_away,0.584,2.0
380,12.67,Hassan,reading,0.408,2.0
380,12.67,Hashim,reading,0.344,0.8
381,12.7,Asrar,looking_away,0.643,1.9
381,12.7,Hassan,reading,0.633,2.0
381,12.7,Yasir,looking_away,0.574,2.0
381,12.7,Asrar,looking_away,0.386,1.9
381,12.7,Hassan,reading,0.356,2.0
381,12.7,Hashim,reading,0.333,0.9
381,12.7,Hassan,reading,0.289,2.0
382,12.73,Asrar,looking_away,0.724,1.9
382,12.73,Asrar,looking_away,0.644,1.9
382,12.73,Hassan,reading,0.553,2.0
382,12.73,Yasir,looking_away,0.519,2.0
382,12.73,Hassan,reading,0.302,2.0
382,12.73,Hassan,reading,0.297,2.0
382,12.73,Hashim,reading,0.273,0.9
383,12.77,Asrar,looking_away,0.71,1.9
383,12.77,Asrar,looking_away,0.666,1.9
383,12.77,Yasir,looking_away,0.537,2.0
383,12.77,Hassan,reading,0.422,2.0
383,12.77,Hassan,reading,0.414,2.0
383,12.77,Hassan,reading,0.373,2.0
384,12.8,Asrar,looking_away,0.721,2.0
384,12.8,Asrar,looking_away,0.68,2.0
384,12.8,Hassan,reading,0.605,2.0
384,12.8,Yasir,looking_away,0.596,2.0
384,12.8,Hassan,reading,0.467,2.0
384,12.8,Hassan,reading,0.369,2.0
385,12.83,Asrar,looking_away,0.746,2.0
385,12.83,Yasir,looking_away,0.614,2.0
385,12.83,Asrar,looking_away,0.532,2.0
385,12.83,Hassan,reading,0.529,2.0
385,12.83,Hassan,reading,0.47,2.0
385,12.83,Hassan,reading,0.322,2.0
386,12.87,Asrar,looking_away,0.743,2.0
386,12.87,Hassan,reading,0.645,2.0
386,12.87,Yasir,looking_away,0.641,2.0
386,12.87,Hassan,reading,0.555,2.0
386,12.87,Asrar,looking_away,0.411,2.0
386,12.87,Hassan,reading,0.283,2.0
386,12.87,Hashim,reading,0.275,1.0
387,12.9,Asrar,looking_away,0.739,2.0
387,12.9,Hassan,reading,0.722,2.0
387,12.9,Yasir,looking_away,0.707,2.0
387,12.9,Hassan,reading,0.686,2.0
387,12.9,Hassan,reading,0.616,2.0
387,12.9,Asrar,looking_away,0.372,2.0
387,12.9,Hashim,reading,0.321,1.1
388,12.93,Hassan,reading,0.794,2.0
388,12.93,Yasir,looking_away,0.772,2.0
388,12.93,Asrar,looking_away,0.756,2.0
388,12.93,Hassan,reading,0.663,2.0
388,12.93,Asrar,looking_away,0.445,2.0
388,12.93,Hassan,reading,0.346,2.0
388,12.93,Hashim,reading,0.334,1.1
389,12.97,Yasir,looking_away,0.796,2.0
389,12.97,Hassan,reading,0.772,2.0
389,12.97,Asrar,looking_away,0.753,2.0
389,12.97,Hassan,reading,0.731,2.0
389,12.97,Asrar,looking_away,0.534,2.0
389,12.97,Hashim,reading,0.391,1.1
389,12.97,Hassan,reading,0.337,2.0
390,13.0,Yasir,looking_away,0.837,2.0
390,13.0,Asrar,looking_away,0.778,2.0
390,13.0,Hassan,reading,0.754,2.0
390,13.0,Hassan,reading,0.686,2.0
390,13.0,Asrar,looking_away,0.618,2.0
390,13.0,Ali,looking_away,0.563,0.5
390,13.0,Hashim,reading,0.488,1.2
390,13.0,Hassan,reading,0.395,2.0
391,13.03,Yasir,looking_away,0.899,2.0
391,13.03,Hassan,reading,0.786,2.0
391,13.03,Asrar,looking_away,0.779,2.0
391,13.03,Asrar,looking_away,0.616,2.0
391,13.03,Hassan,reading,0.555,2.0
391,13.03,Hashim,reading,0.553,1.2
391,13.03,Hassan,reading,0.536,2.0
391,13.03,Ali,looking_away,0.479,0.5
392,13.07,Yasir,looking_away,0.891,2.0
392,13.07,Hassan,reading,0.799,2.0
392,13.07,Asrar,looking_away,0.79,2.0
392,13.07,Asrar,looking_away,0.748,2.0
392,13.07,Hassan,reading,0.558,2.0
392,13.07,Hashim,reading,0.545,1.2
392,13.07,Hassan,reading,0.525,2.0
392,13.07,Ali,looking_away,0.372,0.6
393,13.1,Yasir,looking_away,0.897,2.0
393,13.1,Hassan,reading,0.816,2.0
393,13.1,Hassan,reading,0.802,2.0
393,13.1,Asrar,looking_away,0.798,2.0
393,13.1,Asrar,looking_away,0.73,2.0
393,13.1,Hashim,reading,0.622,1.3
393,13.1,Hassan,reading,0.521,2.0
393,13.1,Ali,looking_away,0.465,0.6
394,13.13,Yasir,looking_away,0.909,2.0
394,13.13,Asrar,looking_away,0.787,1.9
394,13.13,Hassan,reading,0.784,2.0
394,13.13,Asrar,looking_away,0.746,1.9
394,13.13,Hashim,reading,0.663,1.3
394,13.13,Hassan,reading,0.431,2.0
394,13.13,Hassan,reading,0.255,2.0
394,13.13,Ali,looking_away,0.253,0.6
395,13.17,Yasir,looking_away,0.901,2.0
395,13.17,Asrar,looking_away,0.777,2.0
395,13.17,Asrar,looking_away,0.739,2.0
395,13.17,Hassan,reading,0.725,2.0
395,13.17,Hassan,reading,0.716,2.0
395,13.17,Hashim,reading,0.518,1.3
395,13.17,Hassan,reading,0.34,2.0
396,13.2,Yasir,looking_away,0.924,2.0
396,13.2,Hassan,reading,0.794,2.0
396,13.2,Asrar,looking_away,0.787,2.0
396,13.2,Asrar,looking_away,0.762,2.0
396,13.2,Hassan,reading,0.625,2.0
396,13.2,Hassan,reading,0.295,2.0
397,13.23,Yasir,looking_away,0.904,2.0
397,13.23,Hassan,reading,0.805,2.0
397,13.23,Hassan,reading,0.792,2.0
397,13.23,Asrar,looking_away,0.79,2.0
397,13.23,Asrar,looking_away,0.754,2.0
397,13.23,Hassan,reading,0.579,2.0
398,13.27,Hassan,reading,0.929,2.0
398,13.27,Yasir,looking_away,0.856,2.0
398,13.27,Asrar,looking_away,0.811,2.0
398,13.27,Asrar,looking_away,0.773,2.0
398,13.27,Hassan,reading,0.758,2.0
398,13.27,Hassan,reading,0.634,2.0
